id,userId,positionId,unitId,startDate,endDate,isPrimary,appointmentDoc,notes,isActive,createdAt,updatedAt
cmlul7wln0003t7xrm25pwd4j,cmlul7wlj0001t7xrvkddwvdo,cmlta35pj000jwa1zaeykg606,,2026-02-20 07:47:45.226,,t,,,t,2026-02-20 07:47:45.227,2026-02-20 07:47:45.227
cmlul7wls0007t7xrdhazg10s,cmlul7wlp0005t7xrwqb55cea,cmlta35oz000awa1zttmgwfiq,,2026-02-20 07:47:45.231,,t,,,t,2026-02-20 07:47:45.232,2026-02-20 07:47:45.232
cmlul7wlw000bt7xr3rmf8b46,cmlul7wlu0009t7xruj86gijx,cmlta35oz000awa1zttmgwfiq,,2026-02-20 07:47:45.236,,t,,,t,2026-02-20 07:47:45.236,2026-02-20 07:47:45.236
cmlul7wm0000ft7xrs6t8f0od,cmlul7wly000dt7xr3ocxrpj2,cmlta35oz000awa1zttmgwfiq,,2026-02-20 07:47:45.239,,t,,,t,2026-02-20 07:47:45.24,2026-02-20 07:47:45.24
cmlul7wm4000jt7xrua38nnhz,cmlul7wm2000ht7xrg3nsx1a1,cmlta35oz000awa1zttmgwfiq,,2026-02-20 07:47:45.243,,t,,,t,2026-02-20 07:47:45.244,2026-02-20 07:47:45.244
cmlul7wm8000nt7xr8iekwt0i,cmlul7wm6000lt7xrtqluaaza,cmlta35oz000awa1zttmgwfiq,,2026-02-20 07:47:45.248,,t,,,t,2026-02-20 07:47:45.248,2026-02-20 07:47:45.248
cmlul7wmc000rt7xrlz1aqb25,cmlul7wma000pt7xr56rthr6w,cmlta35oz000awa1zttmgwfiq,,2026-02-20 07:47:45.251,,t,,,t,2026-02-20 07:47:45.252,2026-02-20 07:47:45.252
cmlul7wmf000vt7xreehoyp5u,cmlul7wme000tt7xrpm75m9al,cmlta35oz000awa1zttmgwfiq,,2026-02-20 07:47:45.255,,t,,,t,2026-02-20 07:47:45.256,2026-02-20 07:47:45.256
cmlul7wmj000zt7xrrd3aapmb,cmlul7wmh000xt7xrtbqq7lco,cmlta35oz000awa1zttmgwfiq,,2026-02-20 07:47:45.259,,t,,,t,2026-02-20 07:47:45.26,2026-02-20 07:47:45.26
cmlul7wmn0013t7xr6xlg9pq6,cmlul7wml0011t7xrod8s6k8f,cmlta35oz000awa1zttmgwfiq,,2026-02-20 07:47:45.262,,t,,,t,2026-02-20 07:47:45.263,2026-02-20 07:47:45.263
cmlul7wmq0017t7xrnyj868wn,cmlul7wmo0015t7xr330hvwx6,cmlta35oz000awa1zttmgwfiq,,2026-02-20 07:47:45.266,,t,,,t,2026-02-20 07:47:45.267,2026-02-20 07:47:45.267
cmlul7wmu001bt7xr7t5gw0bw,cmlul7wms0019t7xrnhk7sgfm,cmlta35oz000awa1zttmgwfiq,,2026-02-20 07:47:45.27,,t,,,t,2026-02-20 07:47:45.27,2026-02-20 07:47:45.27
cmlul7wmx001ft7xrubnu6tui,cmlul7wmv001dt7xrljn2sjhp,cmlta35oz000awa1zttmgwfiq,,2026-02-20 07:47:45.273,,t,,,t,2026-02-20 07:47:45.274,2026-02-20 07:47:45.274
cmlul7wn1001jt7xr2h8oi4mx,cmlul7wmz001ht7xr4bheaqn2,cmlta35oz000awa1zttmgwfiq,,2026-02-20 07:47:45.276,,t,,,t,2026-02-20 07:47:45.277,2026-02-20 07:47:45.277
cmlul7wn4001nt7xr40t6uucu,cmlul7wn2001lt7xrgwrs49e7,cmlta35oz000awa1zttmgwfiq,,2026-02-20 07:47:45.28,,t,,,t,2026-02-20 07:47:45.281,2026-02-20 07:47:45.281
cmlul7wn7001rt7xre577rc02,cmlul7wn6001pt7xr977ze2mm,cmlta35oz000awa1zttmgwfiq,,2026-02-20 07:47:45.283,,t,,,t,2026-02-20 07:47:45.284,2026-02-20 07:47:45.284
cmlul7wnb001vt7xrcdpmxlw2,cmlul7wn9001tt7xri1t8fn75,cmlta35oz000awa1zttmgwfiq,,2026-02-20 07:47:45.287,,t,,,t,2026-02-20 07:47:45.287,2026-02-20 07:47:45.287
cmlul7wne001zt7xr5gba9uuf,cmlul7wnc001xt7xrxrgzarxi,cmlta35oz000awa1zttmgwfiq,,2026-02-20 07:47:45.29,,t,,,t,2026-02-20 07:47:45.291,2026-02-20 07:47:45.291
cmlul7wni0023t7xrpriztx8s,cmlul7wng0021t7xrprwzgmo0,cmlta35oz000awa1zttmgwfiq,,2026-02-20 07:47:45.294,,t,,,t,2026-02-20 07:47:45.294,2026-02-20 07:47:45.294
cmlul7wnl0027t7xrngn7hclu,cmlul7wnj0025t7xr7l0zcfib,cmlta35oz000awa1zttmgwfiq,,2026-02-20 07:47:45.297,,t,,,t,2026-02-20 07:47:45.298,2026-02-20 07:47:45.298
cmlul7wno002bt7xr2watsmpt,cmlul7wnn0029t7xr1tbr1pmo,cmlta35oz000awa1zttmgwfiq,,2026-02-20 07:47:45.3,,t,,,t,2026-02-20 07:47:45.301,2026-02-20 07:47:45.301
cmlul7wns002ft7xrbmwc5fdu,cmlul7wnq002dt7xrvuws01ba,cmlta35pj000jwa1zaeykg606,,2026-02-20 07:47:45.304,,t,,,t,2026-02-20 07:47:45.304,2026-02-20 07:47:45.304
cmlul7wnv002jt7xr777865zv,cmlul7wnt002ht7xrs4iwlcow,cmlta35oz000awa1zttmgwfiq,,2026-02-20 07:47:45.307,,t,,,t,2026-02-20 07:47:45.307,2026-02-20 07:47:45.307
cmlul7wny002nt7xr8ub3135z,cmlul7wnx002lt7xrnkxryx49,cmlta35oz000awa1zttmgwfiq,,2026-02-20 07:47:45.31,,t,,,t,2026-02-20 07:47:45.311,2026-02-20 07:47:45.311
cmlul7wo2002rt7xrrq9dn7rx,cmlul7wo0002pt7xre9wglh2h,cmlta35oz000awa1zttmgwfiq,,2026-02-20 07:47:45.314,,t,,,t,2026-02-20 07:47:45.314,2026-02-20 07:47:45.314
cmlul7wo5002vt7xrb2bceuky,cmlul7wo3002tt7xr2fugch6z,cmlta35pj000jwa1zaeykg606,,2026-02-20 07:47:45.317,,t,,,t,2026-02-20 07:47:45.318,2026-02-20 07:47:45.318
cmlul7wo8002zt7xrzhcs75yn,cmlul7wo7002xt7xromhsae0o,cmlta35pj000jwa1zaeykg606,,2026-02-20 07:47:45.32,,t,,,t,2026-02-20 07:47:45.321,2026-02-20 07:47:45.321
cmlul7woc0033t7xrhum30d7k,cmlul7woa0031t7xrqc3bfvr8,cmlta35pj000jwa1zaeykg606,,2026-02-20 07:47:45.324,,t,,,t,2026-02-20 07:47:45.324,2026-02-20 07:47:45.324
cmlul7wof0037t7xrvaejx8cs,cmlul7wod0035t7xrw01759j8,cmlta35pj000jwa1zaeykg606,,2026-02-20 07:47:45.327,,t,,,t,2026-02-20 07:47:45.328,2026-02-20 07:47:45.328
cmlul7woj003bt7xrot606ah1,cmlul7woh0039t7xrer7qo9sn,cmlta35pj000jwa1zaeykg606,,2026-02-20 07:47:45.33,,t,,,t,2026-02-20 07:47:45.331,2026-02-20 07:47:45.331
cmlul7wom003ft7xrxtol5q6b,cmlul7wok003dt7xrd3v6oapm,cmlta35pj000jwa1zaeykg606,,2026-02-20 07:47:45.334,,t,,,t,2026-02-20 07:47:45.334,2026-02-20 07:47:45.334
cmlul7wop003jt7xr4djkjp2a,cmlul7won003ht7xrsbqypgek,cmlta35pj000jwa1zaeykg606,,2026-02-20 07:47:45.337,,t,,,t,2026-02-20 07:47:45.338,2026-02-20 07:47:45.338
cmlul7wos003nt7xrzehymffy,cmlul7wor003lt7xrnhcgfsga,cmlta35pj000jwa1zaeykg606,,2026-02-20 07:47:45.34,,t,,,t,2026-02-20 07:47:45.341,2026-02-20 07:47:45.341
cmlul7wow003rt7xr8n8ji3wu,cmlul7wou003pt7xrgwzhnef4,cmlta35pj000jwa1zaeykg606,,2026-02-20 07:47:45.344,,t,,,t,2026-02-20 07:47:45.344,2026-02-20 07:47:45.344
cmlul7wpb0047t7xrqzjypcsr,cmlul7wp90045t7xr2485azsn,cmlta35ok0003wa1zy8tlm7vq,,2026-02-20 07:47:45.358,,t,,,t,2026-02-20 07:47:45.359,2026-02-20 07:47:45.359
cmlul7wpe004bt7xrphn8k3qj,cmlul7wpd0049t7xrtovurt5d,cmlta35ok0003wa1zy8tlm7vq,,2026-02-20 07:47:45.362,,t,,,t,2026-02-20 07:47:45.363,2026-02-20 07:47:45.363
cmlul7wpi004ft7xrad30awpi,cmlul7wpg004dt7xrq1o734ye,cmlta35ok0003wa1zy8tlm7vq,,2026-02-20 07:47:45.365,,t,,,t,2026-02-20 07:47:45.366,2026-02-20 07:47:45.366
cmlul7wpl004jt7xr9mnk5esj,cmlul7wpj004ht7xr5jy307lx,cmlta35ok0003wa1zy8tlm7vq,,2026-02-20 07:47:45.369,,t,,,t,2026-02-20 07:47:45.369,2026-02-20 07:47:45.369
cmlul7wpo004nt7xrvns0cb24,cmlul7wpm004lt7xrx2aqui72,cmlta35ok0003wa1zy8tlm7vq,,2026-02-20 07:47:45.372,,t,,,t,2026-02-20 07:47:45.372,2026-02-20 07:47:45.372
cmlul7wps004rt7xro1grx5a4,cmlul7wpq004pt7xrtry1xger,cmlta35ok0003wa1zy8tlm7vq,,2026-02-20 07:47:45.375,,t,,,t,2026-02-20 07:47:45.376,2026-02-20 07:47:45.376
cmlul7wpv004vt7xrj49il259,cmlul7wpt004tt7xrlzbe8b4h,cmlta35pj000jwa1zaeykg606,,2026-02-20 07:47:45.379,,t,,,t,2026-02-20 07:47:45.379,2026-02-20 07:47:45.379
cmlul7wpy004zt7xrkm1u5t8d,cmlul7wpx004xt7xrmt9iilma,cmlta35pj000jwa1zaeykg606,,2026-02-20 07:47:45.382,,t,,,t,2026-02-20 07:47:45.383,2026-02-20 07:47:45.383
cmlul7wq20053t7xrtd0i9vvc,cmlul7wq00051t7xr0p1z0fhg,cmlta35ok0003wa1zy8tlm7vq,,2026-02-20 07:47:45.385,,t,,,t,2026-02-20 07:47:45.386,2026-02-20 07:47:45.386
cmlul7wq50057t7xrwl2j4wnv,cmlul7wq30055t7xrlq8xebjx,cmlta35ok0003wa1zy8tlm7vq,,2026-02-20 07:47:45.389,,t,,,t,2026-02-20 07:47:45.389,2026-02-20 07:47:45.389
cmlul7wq8005bt7xrmo36foao,cmlul7wq70059t7xrycmvtnha,cmlta35ok0003wa1zy8tlm7vq,,2026-02-20 07:47:45.392,,t,,,t,2026-02-20 07:47:45.393,2026-02-20 07:47:45.393
cmlul7wqb005ft7xrlpyan5t5,cmlul7wqa005dt7xrj16q59yo,cmlta35ok0003wa1zy8tlm7vq,,2026-02-20 07:47:45.395,,t,,,t,2026-02-20 07:47:45.396,2026-02-20 07:47:45.396
cmlul7wqf005jt7xrhflv5vx1,cmlul7wqd005ht7xrvsvg5pux,cmlta35ok0003wa1zy8tlm7vq,,2026-02-20 07:47:45.399,,t,,,t,2026-02-20 07:47:45.399,2026-02-20 07:47:45.399
cmlul7wqi005nt7xrrtt30pgs,cmlul7wqg005lt7xrmq7budmx,cmlta35ok0003wa1zy8tlm7vq,,2026-02-20 07:47:45.402,,t,,,t,2026-02-20 07:47:45.402,2026-02-20 07:47:45.402
cmlul7wql005rt7xr7aq42cxk,cmlul7wqj005pt7xrvn67qdi8,cmlta35ok0003wa1zy8tlm7vq,,2026-02-20 07:47:45.405,,t,,,t,2026-02-20 07:47:45.406,2026-02-20 07:47:45.406
cmlul7wqp005vt7xrvtln1g16,cmlul7wqn005tt7xrql78ttl0,cmlta35pj000jwa1zaeykg606,,2026-02-20 07:47:45.409,,t,,,t,2026-02-20 07:47:45.409,2026-02-20 07:47:45.409
cmlul7wqs005zt7xrhbz62xa4,cmlul7wqq005xt7xr6hbnl78x,cmlta35ok0003wa1zy8tlm7vq,,2026-02-20 07:47:45.412,,t,,,t,2026-02-20 07:47:45.412,2026-02-20 07:47:45.412
cmlul7wqv0063t7xrjppekxzu,cmlul7wqu0061t7xrrypev4l5,cmlta35ok0003wa1zy8tlm7vq,,2026-02-20 07:47:45.415,,t,,,t,2026-02-20 07:47:45.416,2026-02-20 07:47:45.416
cmlul7wqz0067t7xr7fbmxqe9,cmlul7wqx0065t7xrc9h0zhuc,cmlta35ok0003wa1zy8tlm7vq,,2026-02-20 07:47:45.418,,t,,,t,2026-02-20 07:47:45.419,2026-02-20 07:47:45.419
cmlul7wr2006bt7xrl07sz1cn,cmlul7wr00069t7xryqhbz1fu,cmlta35ok0003wa1zy8tlm7vq,,2026-02-20 07:47:45.422,,t,,,t,2026-02-20 07:47:45.422,2026-02-20 07:47:45.422
cmlul7wr5006ft7xrx6ud2yd9,cmlul7wr3006dt7xr50g2t21i,cmlta35ok0003wa1zy8tlm7vq,,2026-02-20 07:47:45.425,,t,,,t,2026-02-20 07:47:45.426,2026-02-20 07:47:45.426
cmlul7wr9006jt7xrwue7klj6,cmlul7wr7006ht7xrgcvayqww,cmlta35pj000jwa1zaeykg606,,2026-02-20 07:47:45.428,,t,,,t,2026-02-20 07:47:45.429,2026-02-20 07:47:45.429
cmlul7wrc006nt7xrsaq3y62c,cmlul7wra006lt7xrw0pk62gy,cmlta35pj000jwa1zaeykg606,,2026-02-20 07:47:45.432,,t,,,t,2026-02-20 07:47:45.432,2026-02-20 07:47:45.432
cmlul7wrf006rt7xriyuo676y,cmlul7wre006pt7xrw8pzsval,cmlta35pj000jwa1zaeykg606,,2026-02-20 07:47:45.435,,t,,,t,2026-02-20 07:47:45.436,2026-02-20 07:47:45.436
cmlul7wrj006vt7xrqxgl7vt5,cmlul7wrh006tt7xrdj3e4hpd,cmlta35pj000jwa1zaeykg606,,2026-02-20 07:47:45.439,,t,,,t,2026-02-20 07:47:45.439,2026-02-20 07:47:45.439
cmlul7wrm006zt7xreh0k9orp,cmlul7wrk006xt7xr2k97m6ug,cmlta35ok0003wa1zy8tlm7vq,,2026-02-20 07:47:45.442,,t,,,t,2026-02-20 07:47:45.443,2026-02-20 07:47:45.443
cmlul7wrq0073t7xra8izls8e,cmlul7wro0071t7xrjh6h0fqx,cmlta35ok0003wa1zy8tlm7vq,,2026-02-20 07:47:45.445,,t,,,t,2026-02-20 07:47:45.446,2026-02-20 07:47:45.446
cmlul7wrt0077t7xr491tnj15,cmlul7wrr0075t7xretukub0q,cmlta35ok0003wa1zy8tlm7vq,,2026-02-20 07:47:45.449,,t,,,t,2026-02-20 07:47:45.449,2026-02-20 07:47:45.449
cmlul7wrw007bt7xrqtikruy1,cmlul7wru0079t7xr38mmabxw,cmlta35ok0003wa1zy8tlm7vq,,2026-02-20 07:47:45.452,,t,,,t,2026-02-20 07:47:45.453,2026-02-20 07:47:45.453
cmlul7wrz007ft7xrb2s7lo3v,cmlul7wry007dt7xr4x8muvdb,cmlta35ok0003wa1zy8tlm7vq,,2026-02-20 07:47:45.455,,t,,,t,2026-02-20 07:47:45.456,2026-02-20 07:47:45.456
cmlul7ws3007jt7xrcm97kus7,cmlul7ws1007ht7xr26o22rqs,cmlta35ok0003wa1zy8tlm7vq,,2026-02-20 07:47:45.458,,t,,,t,2026-02-20 07:47:45.459,2026-02-20 07:47:45.459
cmlul7ws6007nt7xr1ugnelul,cmlul7ws4007lt7xrxnk1l5f9,cmlta35ok0003wa1zy8tlm7vq,,2026-02-20 07:47:45.462,,t,,,t,2026-02-20 07:47:45.462,2026-02-20 07:47:45.462
cmlul7ws9007rt7xrpu11bcpc,cmlul7ws7007pt7xrzluqip11,cmlta35ok0003wa1zy8tlm7vq,,2026-02-20 07:47:45.465,,t,,,t,2026-02-20 07:47:45.466,2026-02-20 07:47:45.466
cmlul7wsd007vt7xrfckhe2nu,cmlul7wsb007tt7xrffy74amt,cmlta35ok0003wa1zy8tlm7vq,,2026-02-20 07:47:45.468,,t,,,t,2026-02-20 07:47:45.469,2026-02-20 07:47:45.469
cmlul7wsg007zt7xr9mnda2wk,cmlul7wse007xt7xr3stgrq64,cmlta35ok0003wa1zy8tlm7vq,,2026-02-20 07:47:45.472,,t,,,t,2026-02-20 07:47:45.472,2026-02-20 07:47:45.472
cmlul7wsj0083t7xrrj3367p9,cmlul7wsi0081t7xr798gyifd,cmlta35pj000jwa1zaeykg606,,2026-02-20 07:47:45.475,,t,,,t,2026-02-20 07:47:45.476,2026-02-20 07:47:45.476
cmlul7wsn0087t7xrivjsrnq7,cmlul7wsl0085t7xrxor74rkw,cmlta35pj000jwa1zaeykg606,,2026-02-20 07:47:45.479,,t,,,t,2026-02-20 07:47:45.479,2026-02-20 07:47:45.479
cmlul7wsq008bt7xr97fep4nh,cmlul7wso0089t7xrqu8j6zik,cmlta35pj000jwa1zaeykg606,,2026-02-20 07:47:45.482,,t,,,t,2026-02-20 07:47:45.483,2026-02-20 07:47:45.483
cmlul7wst008ft7xrl511g670,cmlul7wss008dt7xradjtddm0,cmlta35pj000jwa1zaeykg606,,2026-02-20 07:47:45.485,,t,,,t,2026-02-20 07:47:45.486,2026-02-20 07:47:45.486
cmlul7wsx008jt7xrnpl0deac,cmlul7wsv008ht7xrp3cy8u5o,cmlta35pj000jwa1zaeykg606,,2026-02-20 07:47:45.489,,t,,,t,2026-02-20 07:47:45.489,2026-02-20 07:47:45.489
cmlul7wt1008nt7xrngurgax7,cmlul7wsy008lt7xrwrej3wqv,cmlta35pj000jwa1zaeykg606,,2026-02-20 07:47:45.492,,t,,,t,2026-02-20 07:47:45.493,2026-02-20 07:47:45.493
cmlul7wt3008rt7xrf9kglnj0,cmlul7wt2008pt7xrb13e3yrw,cmlta35pj000jwa1zaeykg606,,2026-02-20 07:47:45.495,,t,,,t,2026-02-20 07:47:45.496,2026-02-20 07:47:45.496
cmlul7wt7008vt7xrzwfkam9q,cmlul7wt5008tt7xruw29cgxa,cmlta35pj000jwa1zaeykg606,,2026-02-20 07:47:45.499,,t,,,t,2026-02-20 07:47:45.499,2026-02-20 07:47:45.499
cmlul7wtb008zt7xrezzx59n0,cmlul7wt8008xt7xr8pywgslr,cmlta35pj000jwa1zaeykg606,,2026-02-20 07:47:45.503,,t,,,t,2026-02-20 07:47:45.503,2026-02-20 07:47:45.503
cmlul7wte0093t7xr169k8iqz,cmlul7wtd0091t7xrtw7ln4mo,cmlta35pj000jwa1zaeykg606,,2026-02-20 07:47:45.506,,t,,,t,2026-02-20 07:47:45.507,2026-02-20 07:47:45.507
cmlul7wti0097t7xrgc4dnym2,cmlul7wtg0095t7xrpd3uyd07,cmlta35pj000jwa1zaeykg606,,2026-02-20 07:47:45.509,,t,,,t,2026-02-20 07:47:45.51,2026-02-20 07:47:45.51
cmlul7wtl009bt7xrh9l8etyb,cmlul7wtj0099t7xrvcgi8jvw,cmlta35pj000jwa1zaeykg606,,2026-02-20 07:47:45.513,,t,,,t,2026-02-20 07:47:45.514,2026-02-20 07:47:45.514
cmlul7wto009ft7xr0pgdiil0,cmlul7wtn009dt7xrgsihrxn5,cmlta35pj000jwa1zaeykg606,,2026-02-20 07:47:45.516,,t,,,t,2026-02-20 07:47:45.517,2026-02-20 07:47:45.517
cmlul7wts009jt7xruw9fzabp,cmlul7wtq009ht7xrqjazythz,cmlta35pj000jwa1zaeykg606,,2026-02-20 07:47:45.52,,t,,,t,2026-02-20 07:47:45.52,2026-02-20 07:47:45.52
cmlul7wtv009nt7xr05rgpb8j,cmlul7wtt009lt7xrtqu2kawn,cmlta35pj000jwa1zaeykg606,,2026-02-20 07:47:45.523,,t,,,t,2026-02-20 07:47:45.524,2026-02-20 07:47:45.524
cmlul7wty009rt7xr5u6uwf4j,cmlul7wtx009pt7xr84rbjy5b,cmlta35pj000jwa1zaeykg606,,2026-02-20 07:47:45.526,,t,,,t,2026-02-20 07:47:45.527,2026-02-20 07:47:45.527
cmlul7wu2009vt7xrn2mn5zmo,cmlul7wu0009tt7xrerlhkqn1,cmlta35pj000jwa1zaeykg606,,2026-02-20 07:47:45.53,,t,,,t,2026-02-20 07:47:45.53,2026-02-20 07:47:45.53
cmlul7wu5009zt7xrllqge8nn,cmlul7wu3009xt7xrnlwb1gth,cmlta35pj000jwa1zaeykg606,,2026-02-20 07:47:45.533,,t,,,t,2026-02-20 07:47:45.534,2026-02-20 07:47:45.534
cmlul7wu900a3t7xrikieevj5,cmlul7wu700a1t7xrf1mcae4l,cmlta35pj000jwa1zaeykg606,,2026-02-20 07:47:45.536,,t,,,t,2026-02-20 07:47:45.537,2026-02-20 07:47:45.537
cmlul7wuc00a7t7xrfcoaaiuj,cmlul7wua00a5t7xr6nrga3x0,cmlta35pj000jwa1zaeykg606,,2026-02-20 07:47:45.54,,t,,,t,2026-02-20 07:47:45.54,2026-02-20 07:47:45.54
cmlul7wuf00abt7xrugm61snr,cmlul7wue00a9t7xreb4dszvm,cmlta35pj000jwa1zaeykg606,,2026-02-20 07:47:45.543,,t,,,t,2026-02-20 07:47:45.544,2026-02-20 07:47:45.544
cmlul7wuj00aft7xrr4msjs8s,cmlul7wuh00adt7xro400ypgb,cmlta35pj000jwa1zaeykg606,,2026-02-20 07:47:45.547,,t,,,t,2026-02-20 07:47:45.547,2026-02-20 07:47:45.547
cmlul7wum00ajt7xrb180kj7y,cmlul7wuk00aht7xrzqhg5kma,cmlta35pj000jwa1zaeykg606,,2026-02-20 07:47:45.55,,t,,,t,2026-02-20 07:47:45.551,2026-02-20 07:47:45.551
cmlul7wup00ant7xrjptazwv6,cmlul7wuo00alt7xrp996edhf,cmlta35pj000jwa1zaeykg606,,2026-02-20 07:47:45.553,,t,,,t,2026-02-20 07:47:45.554,2026-02-20 07:47:45.554
cmlul7wut00art7xrackz00ql,cmlul7wur00apt7xrazexyww9,cmlta35pj000jwa1zaeykg606,,2026-02-20 07:47:45.557,,t,,,t,2026-02-20 07:47:45.557,2026-02-20 07:47:45.557
cmlul7wuw00avt7xrd93bod4y,cmlul7wuv00att7xre75s9c5f,cmlta35pj000jwa1zaeykg606,,2026-02-20 07:47:45.56,,t,,,t,2026-02-20 07:47:45.561,2026-02-20 07:47:45.561
cmlul7wv000azt7xri661cvvq,cmlul7wuy00axt7xrxagfd5x3,cmlta35pj000jwa1zaeykg606,,2026-02-20 07:47:45.564,,t,,,t,2026-02-20 07:47:45.564,2026-02-20 07:47:45.564
cmlul7wv300b3t7xrl89pk0u5,cmlul7wv200b1t7xrf3sk4q3p,cmlta35ok0003wa1zy8tlm7vq,,2026-02-20 07:47:45.567,,t,,,t,2026-02-20 07:47:45.568,2026-02-20 07:47:45.568
cmlul7wv700b7t7xrajbnjqe4,cmlul7wv500b5t7xrr2gwz3qc,cmlta35ok0003wa1zy8tlm7vq,,2026-02-20 07:47:45.57,,t,,,t,2026-02-20 07:47:45.571,2026-02-20 07:47:45.571
cmlul7wva00bbt7xrwuaqvrg6,cmlul7wv800b9t7xrmhiygbtl,cmlta35ok0003wa1zy8tlm7vq,,2026-02-20 07:47:45.574,,t,,,t,2026-02-20 07:47:45.574,2026-02-20 07:47:45.574
cmlul7wvd00bft7xrqkcnj93v,cmlul7wvb00bdt7xrxe6filg5,cmlta35ok0003wa1zy8tlm7vq,,2026-02-20 07:47:45.577,,t,,,t,2026-02-20 07:47:45.578,2026-02-20 07:47:45.578
cmlul7wvh00bjt7xrhjb1yvvq,cmlul7wvf00bht7xrrag3j4go,cmlta35ok0003wa1zy8tlm7vq,,2026-02-20 07:47:45.58,,t,,,t,2026-02-20 07:47:45.581,2026-02-20 07:47:45.581
cmlul7wvk00bnt7xrrie5yjl2,cmlul7wvi00blt7xrpy21gsbd,cmlta35ok0003wa1zy8tlm7vq,,2026-02-20 07:47:45.584,,t,,,t,2026-02-20 07:47:45.584,2026-02-20 07:47:45.584
cmlul7wvn00brt7xrba950j1o,cmlul7wvm00bpt7xrpoahoes8,cmlta35ok0003wa1zy8tlm7vq,,2026-02-20 07:47:45.587,,t,,,t,2026-02-20 07:47:45.588,2026-02-20 07:47:45.588
cmlul7wvr00bvt7xrvozdobtn,cmlul7wvp00btt7xr3csmtqk0,cmlta35pj000jwa1zaeykg606,,2026-02-20 07:47:45.591,,t,,,t,2026-02-20 07:47:45.591,2026-02-20 07:47:45.591
cmlul7wvu00bzt7xriklp03b2,cmlul7wvt00bxt7xre3gvlcsh,cmlta35ok0003wa1zy8tlm7vq,,2026-02-20 07:47:45.594,,t,,,t,2026-02-20 07:47:45.595,2026-02-20 07:47:45.595
cmlul7wvy00c3t7xronbe1ab8,cmlul7wvw00c1t7xrj17u1mey,cmlta35ok0003wa1zy8tlm7vq,,2026-02-20 07:47:45.597,,t,,,t,2026-02-20 07:47:45.598,2026-02-20 07:47:45.598
cmlul7ww100c7t7xrn0h11171,cmlul7wvz00c5t7xrvmuocjdp,cmlta35pj000jwa1zaeykg606,,2026-02-20 07:47:45.601,,t,,,t,2026-02-20 07:47:45.601,2026-02-20 07:47:45.601
cmlul7ww400cbt7xrlbp97q9r,cmlul7ww200c9t7xrcq80q2ym,cmlta35ok0003wa1zy8tlm7vq,,2026-02-20 07:47:45.604,,t,,,t,2026-02-20 07:47:45.604,2026-02-20 07:47:45.604
cmlul7ww700cft7xrzszunmbv,cmlul7ww600cdt7xr13k135fk,cmlta35pj000jwa1zaeykg606,,2026-02-20 07:47:45.607,,t,,,t,2026-02-20 07:47:45.608,2026-02-20 07:47:45.608
cmlul7wwb00cjt7xr3v6afzqd,cmlul7ww900cht7xrsdg8ynyn,cmlta35pj000jwa1zaeykg606,,2026-02-20 07:47:45.611,,t,,,t,2026-02-20 07:47:45.611,2026-02-20 07:47:45.611
cmlul7wwg00cnt7xr4woxyga6,cmlul7wwc00clt7xr4r54koco,cmlta35pj000jwa1zaeykg606,,2026-02-20 07:47:45.615,,t,,,t,2026-02-20 07:47:45.616,2026-02-20 07:47:45.616
cmlul7wwj00crt7xr3qr6mony,cmlul7wwh00cpt7xrcd56cmbw,cmlta35pj000jwa1zaeykg606,,2026-02-20 07:47:45.619,,t,,,t,2026-02-20 07:47:45.619,2026-02-20 07:47:45.619
cmlul7wwm00cvt7xrp7999eoq,cmlul7wwl00ctt7xreuwk1yn5,cmlta35pj000jwa1zaeykg606,,2026-02-20 07:47:45.622,,t,,,t,2026-02-20 07:47:45.623,2026-02-20 07:47:45.623
cmlul7wwq00czt7xr94wtharb,cmlul7wwo00cxt7xrutz4lvpo,cmlta35pj000jwa1zaeykg606,,2026-02-20 07:47:45.625,,t,,,t,2026-02-20 07:47:45.626,2026-02-20 07:47:45.626
cmlul7wwt00d3t7xry4qfza26,cmlul7wwr00d1t7xr7fztgyjp,cmlta35pj000jwa1zaeykg606,,2026-02-20 07:47:45.629,,t,,,t,2026-02-20 07:47:45.629,2026-02-20 07:47:45.629
cmlul7www00d7t7xr2dfo0xp0,cmlul7wwv00d5t7xr3zrpfivx,cmlta35pj000jwa1zaeykg606,,2026-02-20 07:47:45.632,,t,,,t,2026-02-20 07:47:45.633,2026-02-20 07:47:45.633
cmlul7wx000dbt7xr9ywcfzhq,cmlul7wwy00d9t7xrbmwfz4pq,cmlta35ok0003wa1zy8tlm7vq,,2026-02-20 07:47:45.636,,t,,,t,2026-02-20 07:47:45.636,2026-02-20 07:47:45.636
cmlul7wx300dft7xrx53x6d0l,cmlul7wx100ddt7xrhh5wykw7,cmlta35ok0003wa1zy8tlm7vq,,2026-02-20 07:47:45.639,,t,,,t,2026-02-20 07:47:45.64,2026-02-20 07:47:45.64
cmlul7wx600djt7xrun6i6a8w,cmlul7wx500dht7xrcbxban13,cmlta35ok0003wa1zy8tlm7vq,,2026-02-20 07:47:45.642,,t,,,t,2026-02-20 07:47:45.643,2026-02-20 07:47:45.643
cmlul7wxa00dnt7xrapw3x9jg,cmlul7wx800dlt7xrahu9tfv2,cmlta35pj000jwa1zaeykg606,,2026-02-20 07:47:45.646,,t,,,t,2026-02-20 07:47:45.646,2026-02-20 07:47:45.646
cmlul7wxe00drt7xr35qd9qxk,cmlul7wxb00dpt7xrj577j341,cmlta35ok0003wa1zy8tlm7vq,,2026-02-20 07:47:45.649,,t,,,t,2026-02-20 07:47:45.65,2026-02-20 07:47:45.65
cmlul7wxh00dvt7xrmhc9wdfa,cmlul7wxf00dtt7xr0t7huhm5,cmlta35ok0003wa1zy8tlm7vq,,2026-02-20 07:47:45.653,,t,,,t,2026-02-20 07:47:45.653,2026-02-20 07:47:45.653
cmlul7wxl00dzt7xrk4e8e41x,cmlul7wxj00dxt7xrhcg5777v,cmlta35ok0003wa1zy8tlm7vq,,2026-02-20 07:47:45.657,,t,,,t,2026-02-20 07:47:45.658,2026-02-20 07:47:45.658
cmlul7wxp00e3t7xrakrynkcg,cmlul7wxn00e1t7xro0xof7bs,cmlta35ok0003wa1zy8tlm7vq,,2026-02-20 07:47:45.66,,t,,,t,2026-02-20 07:47:45.661,2026-02-20 07:47:45.661
cmlul7wxs00e7t7xree0qm0dt,cmlul7wxq00e5t7xr0t0gr2nq,cmlta35ok0003wa1zy8tlm7vq,,2026-02-20 07:47:45.664,,t,,,t,2026-02-20 07:47:45.664,2026-02-20 07:47:45.664
cmlul7wxv00ebt7xrxesujfxf,cmlul7wxu00e9t7xrbwvukyk7,cmlta35ok0003wa1zy8tlm7vq,,2026-02-20 07:47:45.667,,t,,,t,2026-02-20 07:47:45.668,2026-02-20 07:47:45.668
cmlul7wxz00eft7xrer9co3w7,cmlul7wxx00edt7xrhbwtqjrl,cmlta35ok0003wa1zy8tlm7vq,,2026-02-20 07:47:45.67,,t,,,t,2026-02-20 07:47:45.671,2026-02-20 07:47:45.671
cmlul7wy200ejt7xri4s2ux4i,cmlul7wy000eht7xrck7pa6ub,cmlta35ok0003wa1zy8tlm7vq,,2026-02-20 07:47:45.674,,t,,,t,2026-02-20 07:47:45.674,2026-02-20 07:47:45.674
cmlul7wy500ent7xriibl3aey,cmlul7wy300elt7xr657rdxoe,cmlta35ok0003wa1zy8tlm7vq,,2026-02-20 07:47:45.677,,t,,,t,2026-02-20 07:47:45.678,2026-02-20 07:47:45.678
cmlul7wy800ert7xrd74j86ob,cmlul7wy700ept7xr3560sm0m,cmlta35ok0003wa1zy8tlm7vq,,2026-02-20 07:47:45.68,,t,,,t,2026-02-20 07:47:45.681,2026-02-20 07:47:45.681
cmlul7wyc00evt7xr9uvsvfed,cmlul7wya00ett7xrezd5afn2,cmlta35ok0003wa1zy8tlm7vq,,2026-02-20 07:47:45.684,,t,,,t,2026-02-20 07:47:45.684,2026-02-20 07:47:45.684
cmlul7wyf00ezt7xr4tc8htoz,cmlul7wyd00ext7xr47oxplff,cmlta35ok0003wa1zy8tlm7vq,,2026-02-20 07:47:45.687,,t,,,t,2026-02-20 07:47:45.687,2026-02-20 07:47:45.687
cmlul7wyi00f3t7xrbif8wy3n,cmlul7wyh00f1t7xrd3f4fwuz,cmlta35ok0003wa1zy8tlm7vq,,2026-02-20 07:47:45.69,,t,,,t,2026-02-20 07:47:45.691,2026-02-20 07:47:45.691
cmlul7wym00f7t7xrglva2zkp,cmlul7wyk00f5t7xryab4ww4g,cmlta35ok0003wa1zy8tlm7vq,,2026-02-20 07:47:45.694,,t,,,t,2026-02-20 07:47:45.694,2026-02-20 07:47:45.694
cmlul7wyp00fbt7xrjakbrbfr,cmlul7wyn00f9t7xrmx17a91x,cmlta35ok0003wa1zy8tlm7vq,,2026-02-20 07:47:45.697,,t,,,t,2026-02-20 07:47:45.698,2026-02-20 07:47:45.698
cmlul7wys00fft7xrzcz9mu38,cmlul7wyr00fdt7xrp30ay6iy,cmlta35ok0003wa1zy8tlm7vq,,2026-02-20 07:47:45.7,,t,,,t,2026-02-20 07:47:45.701,2026-02-20 07:47:45.701
cmlul7wyx00fjt7xri6oeflws,cmlul7wyv00fht7xrvmgc4tj0,cmlta35ok0003wa1zy8tlm7vq,,2026-02-20 07:47:45.705,,t,,,t,2026-02-20 07:47:45.705,2026-02-20 07:47:45.705
cmlul7wz100fnt7xr7d7wcxy1,cmlul7wyz00flt7xrceiyh5a9,cmlta35ok0003wa1zy8tlm7vq,,2026-02-20 07:47:45.709,,t,,,t,2026-02-20 07:47:45.71,2026-02-20 07:47:45.71
cmlul7wz500frt7xrdlh8x956,cmlul7wz300fpt7xr8brfowq4,cmlta35ok0003wa1zy8tlm7vq,,2026-02-20 07:47:45.713,,t,,,t,2026-02-20 07:47:45.713,2026-02-20 07:47:45.713
cmlul7wz800fvt7xrw498347v,cmlul7wz600ftt7xrjq3raeuh,cmlta35ok0003wa1zy8tlm7vq,,2026-02-20 07:47:45.716,,t,,,t,2026-02-20 07:47:45.717,2026-02-20 07:47:45.717
cmlul7wzc00fzt7xr00zhz5az,cmlul7wza00fxt7xrkta2ewkn,cmlta35ok0003wa1zy8tlm7vq,,2026-02-20 07:47:45.72,,t,,,t,2026-02-20 07:47:45.72,2026-02-20 07:47:45.72
cmlul7wzf00g3t7xrizo77vz6,cmlul7wzd00g1t7xrkmd4dhw8,cmlta35ok0003wa1zy8tlm7vq,,2026-02-20 07:47:45.723,,t,,,t,2026-02-20 07:47:45.723,2026-02-20 07:47:45.723
cmlul7wzi00g7t7xr3mppcuaw,cmlul7wzh00g5t7xrul8xs3es,cmlta35ok0003wa1zy8tlm7vq,,2026-02-20 07:47:45.726,,t,,,t,2026-02-20 07:47:45.727,2026-02-20 07:47:45.727
cmlul7wzm00gbt7xrwq8nutrt,cmlul7wzk00g9t7xr68mlwgts,cmlta35ok0003wa1zy8tlm7vq,,2026-02-20 07:47:45.73,,t,,,t,2026-02-20 07:47:45.73,2026-02-20 07:47:45.73
cmlul7wzp00gft7xr7o2ayb7t,cmlul7wzo00gdt7xrl332lj7n,cmlta35ok0003wa1zy8tlm7vq,,2026-02-20 07:47:45.733,,t,,,t,2026-02-20 07:47:45.734,2026-02-20 07:47:45.734
cmlul7wzt00gjt7xrxl4ey0fg,cmlul7wzr00ght7xrhvgmegjw,cmlta35ok0003wa1zy8tlm7vq,,2026-02-20 07:47:45.737,,t,,,t,2026-02-20 07:47:45.737,2026-02-20 07:47:45.737
cmlul7wzx00gnt7xrzrtfu5oq,cmlul7wzv00glt7xrsowexbrp,cmlta35ok0003wa1zy8tlm7vq,,2026-02-20 07:47:45.741,,t,,,t,2026-02-20 07:47:45.742,2026-02-20 07:47:45.742
cmlul7x0100grt7xrekjgfj8r,cmlul7wzz00gpt7xryryllc91,cmlta35ok0003wa1zy8tlm7vq,,2026-02-20 07:47:45.745,,t,,,t,2026-02-20 07:47:45.745,2026-02-20 07:47:45.745
cmlul7x0400gvt7xrpalk3s31,cmlul7x0300gtt7xrwp6k2299,cmlta35ok0003wa1zy8tlm7vq,,2026-02-20 07:47:45.748,,t,,,t,2026-02-20 07:47:45.749,2026-02-20 07:47:45.749
cmlul7x0800gzt7xrtyz7n7fo,cmlul7x0600gxt7xrm10j17gf,cmlta35ok0003wa1zy8tlm7vq,,2026-02-20 07:47:45.752,,t,,,t,2026-02-20 07:47:45.752,2026-02-20 07:47:45.752
cmlul7x0b00h3t7xrxmnm29ec,cmlul7x0900h1t7xrhbk3u6x0,cmlta35ok0003wa1zy8tlm7vq,,2026-02-20 07:47:45.755,,t,,,t,2026-02-20 07:47:45.756,2026-02-20 07:47:45.756
cmlul7x0e00h7t7xrucqmx35m,cmlul7x0d00h5t7xrdg7simvi,cmlta35ok0003wa1zy8tlm7vq,,2026-02-20 07:47:45.758,,t,,,t,2026-02-20 07:47:45.759,2026-02-20 07:47:45.759
cmlul7x0i00hbt7xr311mryf9,cmlul7x0g00h9t7xrlvc4dsrw,cmlta35ok0003wa1zy8tlm7vq,,2026-02-20 07:47:45.762,,t,,,t,2026-02-20 07:47:45.762,2026-02-20 07:47:45.762
cmlul7x0l00hft7xr8f0yi53s,cmlul7x0j00hdt7xrwhle6hn9,cmlta35ok0003wa1zy8tlm7vq,,2026-02-20 07:47:45.765,,t,,,t,2026-02-20 07:47:45.766,2026-02-20 07:47:45.766
cmlul7x0p00hjt7xr9bfbdgob,cmlul7x0n00hht7xrr7gun89p,cmlta35ok0003wa1zy8tlm7vq,,2026-02-20 07:47:45.768,,t,,,t,2026-02-20 07:47:45.769,2026-02-20 07:47:45.769
cmlul7x0s00hnt7xrmgq2vlr0,cmlul7x0q00hlt7xrbq6sj26c,cmlta35ok0003wa1zy8tlm7vq,,2026-02-20 07:47:45.772,,t,,,t,2026-02-20 07:47:45.772,2026-02-20 07:47:45.772
cmlul7x0v00hrt7xrvktwy4wp,cmlul7x0t00hpt7xruzzx9qjc,cmlta35ok0003wa1zy8tlm7vq,,2026-02-20 07:47:45.775,,t,,,t,2026-02-20 07:47:45.775,2026-02-20 07:47:45.775
cmlul7x0y00hvt7xr9w4iejbq,cmlul7x0x00htt7xrkupfo0sj,cmlta35ok0003wa1zy8tlm7vq,,2026-02-20 07:47:45.778,,t,,,t,2026-02-20 07:47:45.779,2026-02-20 07:47:45.779
cmlul7x1200hzt7xrbcmogxyk,cmlul7x1000hxt7xrclnv8c58,cmlta35ok0003wa1zy8tlm7vq,,2026-02-20 07:47:45.782,,t,,,t,2026-02-20 07:47:45.782,2026-02-20 07:47:45.782
cmlul7x1500i3t7xrwa5z43h3,cmlul7x1400i1t7xrkjlg3xgp,cmlta35ok0003wa1zy8tlm7vq,,2026-02-20 07:47:45.785,,t,,,t,2026-02-20 07:47:45.786,2026-02-20 07:47:45.786
cmlul7x1800i7t7xrv14r7m46,cmlul7x1700i5t7xr9erw0y0t,cmlta35ok0003wa1zy8tlm7vq,,2026-02-20 07:47:45.788,,t,,,t,2026-02-20 07:47:45.789,2026-02-20 07:47:45.789
cmlul7x1c00ibt7xrf15p9id9,cmlul7x1a00i9t7xr4qtc50p7,cmlta35ok0003wa1zy8tlm7vq,,2026-02-20 07:47:45.792,,t,,,t,2026-02-20 07:47:45.792,2026-02-20 07:47:45.792
cmlul7x1f00ift7xrymudetku,cmlul7x1d00idt7xr0y7kwab9,cmlta35ok0003wa1zy8tlm7vq,,2026-02-20 07:47:45.795,,t,,,t,2026-02-20 07:47:45.796,2026-02-20 07:47:45.796
cmlul7x1j00ijt7xrw7bme27j,cmlul7x1h00iht7xribojour4,cmlta35ok0003wa1zy8tlm7vq,,2026-02-20 07:47:45.798,,t,,,t,2026-02-20 07:47:45.799,2026-02-20 07:47:45.799
cmlul7x1m00int7xr1xxzp2wv,cmlul7x1k00ilt7xrov0j5t3a,cmlta35ok0003wa1zy8tlm7vq,,2026-02-20 07:47:45.802,,t,,,t,2026-02-20 07:47:45.803,2026-02-20 07:47:45.803
cmlul7x1q00irt7xrktf1zyc2,cmlul7x1o00ipt7xrs2rhgucv,cmlta35ok0003wa1zy8tlm7vq,,2026-02-20 07:47:45.805,,t,,,t,2026-02-20 07:47:45.806,2026-02-20 07:47:45.806
cmlul7x1t00ivt7xreflvszkd,cmlul7x1r00itt7xrkkj4i2w8,cmlta35ok0003wa1zy8tlm7vq,,2026-02-20 07:47:45.809,,t,,,t,2026-02-20 07:47:45.809,2026-02-20 07:47:45.809
cmlul7x1x00izt7xrqtkggkdj,cmlul7x1v00ixt7xr4nskupbs,cmlta35ok0003wa1zy8tlm7vq,,2026-02-20 07:47:45.813,,t,,,t,2026-02-20 07:47:45.813,2026-02-20 07:47:45.813
cmlul7x2000j3t7xrgipd6vq7,cmlul7x1z00j1t7xraqcbehmq,cmlta35ok0003wa1zy8tlm7vq,,2026-02-20 07:47:45.816,,t,,,t,2026-02-20 07:47:45.817,2026-02-20 07:47:45.817
cmlul7x2400j7t7xr72lg0qnr,cmlul7x2200j5t7xr9okwhy2a,cmlta35ok0003wa1zy8tlm7vq,,2026-02-20 07:47:45.82,,t,,,t,2026-02-20 07:47:45.82,2026-02-20 07:47:45.82
cmlul7x2800jbt7xrdm98wm2i,cmlul7x2600j9t7xrv1s76gfa,cmlta35ok0003wa1zy8tlm7vq,,2026-02-20 07:47:45.824,,t,,,t,2026-02-20 07:47:45.824,2026-02-20 07:47:45.824
cmlul7x2c00jft7xrxjyx2947,cmlul7x2a00jdt7xr6qvy9ywb,cmlta35ok0003wa1zy8tlm7vq,,2026-02-20 07:47:45.827,,t,,,t,2026-02-20 07:47:45.828,2026-02-20 07:47:45.828
cmlul7x2f00jjt7xrexz975es,cmlul7x2d00jht7xra1wor380,cmlta35ok0003wa1zy8tlm7vq,,2026-02-20 07:47:45.831,,t,,,t,2026-02-20 07:47:45.832,2026-02-20 07:47:45.832
cmlul7x2j00jnt7xr16szvxmm,cmlul7x2h00jlt7xrohxt6t6n,cmlta35ok0003wa1zy8tlm7vq,,2026-02-20 07:47:45.835,,t,,,t,2026-02-20 07:47:45.835,2026-02-20 07:47:45.835
cmlul7x2m00jrt7xrabt6zr18,cmlul7x2l00jpt7xrk098ksr0,cmlta35ok0003wa1zy8tlm7vq,,2026-02-20 07:47:45.838,,t,,,t,2026-02-20 07:47:45.839,2026-02-20 07:47:45.839
cmlul7x2q00jvt7xr41lkhfdu,cmlul7x2o00jtt7xrek8bs2vz,cmlta35ok0003wa1zy8tlm7vq,,2026-02-20 07:47:45.842,,t,,,t,2026-02-20 07:47:45.842,2026-02-20 07:47:45.842
cmlul7x2t00jzt7xrlrqmca16,cmlul7x2r00jxt7xr129tyopy,cmlta35ok0003wa1zy8tlm7vq,,2026-02-20 07:47:45.845,,t,,,t,2026-02-20 07:47:45.846,2026-02-20 07:47:45.846
cmlul7x2w00k3t7xr44c4np0h,cmlul7x2v00k1t7xr1z9tpn2t,cmlta35ok0003wa1zy8tlm7vq,,2026-02-20 07:47:45.848,,t,,,t,2026-02-20 07:47:45.849,2026-02-20 07:47:45.849
cmlul7x3000k7t7xr4ilbntes,cmlul7x2y00k5t7xr12ebqgi6,cmlta35ok0003wa1zy8tlm7vq,,2026-02-20 07:47:45.851,,t,,,t,2026-02-20 07:47:45.852,2026-02-20 07:47:45.852
cmlul7x3300kbt7xru27110nv,cmlul7x3100k9t7xrqe5nl74b,cmlta35ok0003wa1zy8tlm7vq,,2026-02-20 07:47:45.855,,t,,,t,2026-02-20 07:47:45.855,2026-02-20 07:47:45.855
cmlul7x3600kft7xrwg8dxrc7,cmlul7x3400kdt7xr6hve69fw,cmlta35ok0003wa1zy8tlm7vq,,2026-02-20 07:47:45.858,,t,,,t,2026-02-20 07:47:45.859,2026-02-20 07:47:45.859
cmlul7x3a00kjt7xrgok8hp3k,cmlul7x3800kht7xr9haogfcn,cmlta35ok0003wa1zy8tlm7vq,,2026-02-20 07:47:45.861,,t,,,t,2026-02-20 07:47:45.862,2026-02-20 07:47:45.862
cmlul7x3d00knt7xrod5u893c,cmlul7x3b00klt7xr2238005m,cmlta35ok0003wa1zy8tlm7vq,,2026-02-20 07:47:45.865,,t,,,t,2026-02-20 07:47:45.866,2026-02-20 07:47:45.866
cmlul7x3h00krt7xr2x8uzpp5,cmlul7x3f00kpt7xr4vliexul,cmlta35ok0003wa1zy8tlm7vq,,2026-02-20 07:47:45.868,,t,,,t,2026-02-20 07:47:45.869,2026-02-20 07:47:45.869
cmlul7x3k00kvt7xr1y05hbkt,cmlul7x3i00ktt7xrlsxwkg6j,cmlta35ok0003wa1zy8tlm7vq,,2026-02-20 07:47:45.872,,t,,,t,2026-02-20 07:47:45.873,2026-02-20 07:47:45.873
cmlul7x3o00kzt7xr92rv2u1p,cmlul7x3m00kxt7xrzn5vrowf,cmlta35ok0003wa1zy8tlm7vq,,2026-02-20 07:47:45.875,,t,,,t,2026-02-20 07:47:45.876,2026-02-20 07:47:45.876
cmlul7x3r00l3t7xrx6of8ipb,cmlul7x3p00l1t7xrsqrg84oc,cmlta35ok0003wa1zy8tlm7vq,,2026-02-20 07:47:45.879,,t,,,t,2026-02-20 07:47:45.879,2026-02-20 07:47:45.879
cmlul7x3u00l7t7xro8w307gj,cmlul7x3t00l5t7xrb454iz9y,cmlta35ok0003wa1zy8tlm7vq,,2026-02-20 07:47:45.882,,t,,,t,2026-02-20 07:47:45.883,2026-02-20 07:47:45.883
cmlul7x3y00lbt7xrp45nq0jh,cmlul7x3w00l9t7xrm5p2okfn,cmlta35ok0003wa1zy8tlm7vq,,2026-02-20 07:47:45.886,,t,,,t,2026-02-20 07:47:45.886,2026-02-20 07:47:45.886
cmlul7x4100lft7xrkwab4eun,cmlul7x4000ldt7xrea8bcetm,cmlta35ok0003wa1zy8tlm7vq,,2026-02-20 07:47:45.889,,t,,,t,2026-02-20 07:47:45.89,2026-02-20 07:47:45.89
cmlul7x4500ljt7xr2ps5ifng,cmlul7x4400lht7xrbzdya55v,cmlta35ok0003wa1zy8tlm7vq,,2026-02-20 07:47:45.893,,t,,,t,2026-02-20 07:47:45.894,2026-02-20 07:47:45.894
cmlul7x4900lnt7xr45nmthly,cmlul7x4700llt7xrq5ffeoca,cmlta35ok0003wa1zy8tlm7vq,,2026-02-20 07:47:45.897,,t,,,t,2026-02-20 07:47:45.897,2026-02-20 07:47:45.897
cmlul7x4c00lrt7xrp6c0upte,cmlul7x4a00lpt7xrpy4fitgp,cmlta35ok0003wa1zy8tlm7vq,,2026-02-20 07:47:45.9,,t,,,t,2026-02-20 07:47:45.9,2026-02-20 07:47:45.9
cmlul7x4f00lvt7xrau9nv4n8,cmlul7x4e00ltt7xr11cqji7w,cmlta35ok0003wa1zy8tlm7vq,,2026-02-20 07:47:45.903,,t,,,t,2026-02-20 07:47:45.904,2026-02-20 07:47:45.904
cmlul7x4j00lzt7xrpil8nb9p,cmlul7x4h00lxt7xrxt84sz0p,cmlta35ok0003wa1zy8tlm7vq,,2026-02-20 07:47:45.907,,t,,,t,2026-02-20 07:47:45.907,2026-02-20 07:47:45.907
cmlul7x4m00m3t7xrjdwqtjj7,cmlul7x4l00m1t7xrysfjq23v,cmlta35ok0003wa1zy8tlm7vq,,2026-02-20 07:47:45.91,,t,,,t,2026-02-20 07:47:45.911,2026-02-20 07:47:45.911
cmlul7x4q00m7t7xrv4xtllsb,cmlul7x4o00m5t7xrbnly150a,cmlta35ok0003wa1zy8tlm7vq,,2026-02-20 07:47:45.914,,t,,,t,2026-02-20 07:47:45.914,2026-02-20 07:47:45.914
cmlul7x4t00mbt7xrx6eivzyu,cmlul7x4s00m9t7xr7vzgaw26,cmlta35ok0003wa1zy8tlm7vq,,2026-02-20 07:47:45.917,,t,,,t,2026-02-20 07:47:45.918,2026-02-20 07:47:45.918
cmlul7x4x00mft7xrfuyczyi4,cmlul7x4v00mdt7xrnxqojfwv,cmlta35ok0003wa1zy8tlm7vq,,2026-02-20 07:47:45.921,,t,,,t,2026-02-20 07:47:45.921,2026-02-20 07:47:45.921
cmlul7x5000mjt7xrq3qvibgz,cmlul7x4y00mht7xr4yg34np1,cmlta35ok0003wa1zy8tlm7vq,,2026-02-20 07:47:45.924,,t,,,t,2026-02-20 07:47:45.924,2026-02-20 07:47:45.924
cmlul7x5400mnt7xrjisanc4z,cmlul7x5200mlt7xr75sw5vko,cmlta35ok0003wa1zy8tlm7vq,,2026-02-20 07:47:45.927,,t,,,t,2026-02-20 07:47:45.928,2026-02-20 07:47:45.928
cmlul7x5700mrt7xrga2guii5,cmlul7x5500mpt7xrcoq6njqi,cmlta35ok0003wa1zy8tlm7vq,,2026-02-20 07:47:45.931,,t,,,t,2026-02-20 07:47:45.931,2026-02-20 07:47:45.931
cmlul7x5a00mvt7xrqm3uvmtg,cmlul7x5900mtt7xr3net7haa,cmlta35ok0003wa1zy8tlm7vq,,2026-02-20 07:47:45.934,,t,,,t,2026-02-20 07:47:45.935,2026-02-20 07:47:45.935
cmlul7x5e00mzt7xr5fx0sc6r,cmlul7x5c00mxt7xrhfuzxb6p,cmlta35ok0003wa1zy8tlm7vq,,2026-02-20 07:47:45.938,,t,,,t,2026-02-20 07:47:45.938,2026-02-20 07:47:45.938
cmlul7x5h00n3t7xr0vvng8a9,cmlul7x5g00n1t7xrfrd19lwf,cmlta35ok0003wa1zy8tlm7vq,,2026-02-20 07:47:45.941,,t,,,t,2026-02-20 07:47:45.942,2026-02-20 07:47:45.942
cmlul7x5l00n7t7xrm1elv3cd,cmlul7x5j00n5t7xrd5zhqun7,cmlta35ok0003wa1zy8tlm7vq,,2026-02-20 07:47:45.944,,t,,,t,2026-02-20 07:47:45.945,2026-02-20 07:47:45.945
cmlul7x5o00nbt7xr5wbj2ycl,cmlul7x5m00n9t7xraeknujdn,cmlta35ok0003wa1zy8tlm7vq,,2026-02-20 07:47:45.948,,t,,,t,2026-02-20 07:47:45.948,2026-02-20 07:47:45.948
cmlul7x5r00nft7xrbw3oquh1,cmlul7x5q00ndt7xrk1sbn6f3,cmlta35ok0003wa1zy8tlm7vq,,2026-02-20 07:47:45.951,,t,,,t,2026-02-20 07:47:45.952,2026-02-20 07:47:45.952
cmlul7x5v00njt7xrq3rcylgi,cmlul7x5t00nht7xr2olm87fh,cmlta35ok0003wa1zy8tlm7vq,,2026-02-20 07:47:45.955,,t,,,t,2026-02-20 07:47:45.955,2026-02-20 07:47:45.955
cmlul7x5y00nnt7xr0gcat076,cmlul7x5x00nlt7xr9jt4vnui,cmlta35ok0003wa1zy8tlm7vq,,2026-02-20 07:47:45.958,,t,,,t,2026-02-20 07:47:45.959,2026-02-20 07:47:45.959
cmlul7x6200nrt7xrpcea1981,cmlul7x6000npt7xr632yv300,cmlta35ok0003wa1zy8tlm7vq,,2026-02-20 07:47:45.962,,t,,,t,2026-02-20 07:47:45.962,2026-02-20 07:47:45.962
cmlul7x6500nvt7xrr4xea866,cmlul7x6300ntt7xrnryh43gy,cmlta35ok0003wa1zy8tlm7vq,,2026-02-20 07:47:45.965,,t,,,t,2026-02-20 07:47:45.966,2026-02-20 07:47:45.966
cmlul7x6900nzt7xr8qcimu0r,cmlul7x6700nxt7xr7r1w4iy0,cmlta35ok0003wa1zy8tlm7vq,,2026-02-20 07:47:45.968,,t,,,t,2026-02-20 07:47:45.969,2026-02-20 07:47:45.969
cmlul7x6c00o3t7xrk22ug72j,cmlul7x6a00o1t7xrc7le4g1p,cmlta35pj000jwa1zaeykg606,,2026-02-20 07:47:45.972,,t,,,t,2026-02-20 07:47:45.972,2026-02-20 07:47:45.972
cmlul7x6f00o7t7xre6t7rxpv,cmlul7x6d00o5t7xrmsror3vk,cmlta35oz000awa1zttmgwfiq,,2026-02-20 07:47:45.975,,t,,,t,2026-02-20 07:47:45.976,2026-02-20 07:47:45.976
cmlul7x6j00obt7xr4auz08pc,cmlul7x6h00o9t7xrhjon7jkz,cmlta35pj000jwa1zaeykg606,,2026-02-20 07:47:45.978,,t,,,t,2026-02-20 07:47:45.979,2026-02-20 07:47:45.979
cmlul7x6m00oft7xreg6wozwp,cmlul7x6l00odt7xr69f92ylb,cmlta35pj000jwa1zaeykg606,,2026-02-20 07:47:45.982,,t,,,t,2026-02-20 07:47:45.983,2026-02-20 07:47:45.983
cmlul7x6q00ojt7xr31a59ept,cmlul7x6o00oht7xrwrs8zovd,cmlta35oz000awa1zttmgwfiq,,2026-02-20 07:47:45.985,,t,,,t,2026-02-20 07:47:45.986,2026-02-20 07:47:45.986
cmlul7x6t00ont7xry624i6xq,cmlul7x6r00olt7xrqpxxosjm,cmlta35pj000jwa1zaeykg606,,2026-02-20 07:47:45.989,,t,,,t,2026-02-20 07:47:45.989,2026-02-20 07:47:45.989
cmlul7x6x00ort7xr6k9v6apl,cmlul7x6v00opt7xr83ldkm9i,cmlta35pj000jwa1zaeykg606,,2026-02-20 07:47:45.992,,t,,,t,2026-02-20 07:47:45.993,2026-02-20 07:47:45.993
cmlul7x7000ovt7xrr5pavuu1,cmlul7x6y00ott7xr4f3xb1ih,cmlta35oz000awa1zttmgwfiq,,2026-02-20 07:47:45.996,,t,,,t,2026-02-20 07:47:45.996,2026-02-20 07:47:45.996
cmlul7x7300ozt7xrs6yjy8km,cmlul7x7200oxt7xrp6r7g0p7,cmlta35pj000jwa1zaeykg606,,2026-02-20 07:47:45.999,,t,,,t,2026-02-20 07:47:46,2026-02-20 07:47:46
cmlul7x7700p3t7xrfxqz89i5,cmlul7x7500p1t7xrdx9o2d27,cmlta35pj000jwa1zaeykg606,,2026-02-20 07:47:46.003,,t,,,t,2026-02-20 07:47:46.003,2026-02-20 07:47:46.003
cmlul7x7a00p7t7xrw7xlmsmz,cmlul7x7800p5t7xru644n061,cmlta35oz000awa1zttmgwfiq,,2026-02-20 07:47:46.006,,t,,,t,2026-02-20 07:47:46.007,2026-02-20 07:47:46.007
cmlul7x7d00pbt7xrgs4v9jwd,cmlul7x7c00p9t7xri90inipg,cmlta35pj000jwa1zaeykg606,,2026-02-20 07:47:46.009,,t,,,t,2026-02-20 07:47:46.01,2026-02-20 07:47:46.01
cmlul7x7h00pft7xr8a9164qk,cmlul7x7f00pdt7xr6xt9fjii,cmlta35pj000jwa1zaeykg606,,2026-02-20 07:47:46.012,,t,,,t,2026-02-20 07:47:46.013,2026-02-20 07:47:46.013
cmlul7x7k00pjt7xr5sfnwzbe,cmlul7x7i00pht7xr6jn79xeg,cmlta35pj000jwa1zaeykg606,,2026-02-20 07:47:46.016,,t,,,t,2026-02-20 07:47:46.016,2026-02-20 07:47:46.016
cmlul7x7n00pnt7xr3vrt5aeu,cmlul7x7m00plt7xrqzsevp9m,cmlta35pj000jwa1zaeykg606,,2026-02-20 07:47:46.019,,t,,,t,2026-02-20 07:47:46.02,2026-02-20 07:47:46.02
cmlul7x7r00prt7xrsu3e2156,cmlul7x7p00ppt7xryc4o6j7p,cmlta35oz000awa1zttmgwfiq,,2026-02-20 07:47:46.022,,t,,,t,2026-02-20 07:47:46.023,2026-02-20 07:47:46.023
cmlul7x7u00pvt7xrbe5fuopj,cmlul7x7s00ptt7xrobwq26a2,cmlta35oz000awa1zttmgwfiq,,2026-02-20 07:47:46.026,,t,,,t,2026-02-20 07:47:46.026,2026-02-20 07:47:46.026
cmlul7x7x00pzt7xr3jneq66i,cmlul7x7w00pxt7xr77emzkck,cmlta35oz000awa1zttmgwfiq,,2026-02-20 07:47:46.029,,t,,,t,2026-02-20 07:47:46.03,2026-02-20 07:47:46.03
cmlul7x8100q3t7xrnkud692c,cmlul7x7z00q1t7xrin1clerb,cmlta35oz000awa1zttmgwfiq,,2026-02-20 07:47:46.032,,t,,,t,2026-02-20 07:47:46.033,2026-02-20 07:47:46.033
cmlul7x8400q7t7xr4t0ied5a,cmlul7x8200q5t7xrkcvzto4e,cmlta35oz000awa1zttmgwfiq,,2026-02-20 07:47:46.036,,t,,,t,2026-02-20 07:47:46.036,2026-02-20 07:47:46.036
cmlul7x8700qbt7xrwnqmcc9d,cmlul7x8600q9t7xrua76adqo,cmlta35oz000awa1zttmgwfiq,,2026-02-20 07:47:46.039,,t,,,t,2026-02-20 07:47:46.04,2026-02-20 07:47:46.04
cmlul7x8a00qft7xrlll4jr8o,cmlul7x8900qdt7xr248grp26,cmlta35oz000awa1zttmgwfiq,,2026-02-20 07:47:46.042,,t,,,t,2026-02-20 07:47:46.043,2026-02-20 07:47:46.043
cmlul7x8e00qjt7xrsges25iq,cmlul7x8c00qht7xruxsves47,cmlta35oz000awa1zttmgwfiq,,2026-02-20 07:47:46.046,,t,,,t,2026-02-20 07:47:46.047,2026-02-20 07:47:46.047
cmlul7x8i00qnt7xrk64s4xye,cmlul7x8g00qlt7xre589b9ax,cmlta35pj000jwa1zaeykg606,,2026-02-20 07:47:46.049,,t,,,t,2026-02-20 07:47:46.05,2026-02-20 07:47:46.05
cmlul7x8l00qrt7xr42q17fkh,cmlul7x8j00qpt7xrit6l63p9,cmlta35pj000jwa1zaeykg606,,2026-02-20 07:47:46.053,,t,,,t,2026-02-20 07:47:46.053,2026-02-20 07:47:46.053
cmlul7x8o00qvt7xrxzkgumjz,cmlul7x8n00qtt7xrdaj1elnj,cmlta35pj000jwa1zaeykg606,,2026-02-20 07:47:46.056,,t,,,t,2026-02-20 07:47:46.057,2026-02-20 07:47:46.057
cmlul7x8s00qzt7xrzmfyb79c,cmlul7x8q00qxt7xrx0qtkao4,cmlta35pj000jwa1zaeykg606,,2026-02-20 07:47:46.059,,t,,,t,2026-02-20 07:47:46.06,2026-02-20 07:47:46.06
cmlul7x8v00r3t7xryvnpf68a,cmlul7x8t00r1t7xrb6uzg1r8,cmlta35pj000jwa1zaeykg606,,2026-02-20 07:47:46.063,,t,,,t,2026-02-20 07:47:46.064,2026-02-20 07:47:46.064
cmlul7x8z00r7t7xro6xw6jfx,cmlul7x8x00r5t7xrnx74sgo7,cmlta35pj000jwa1zaeykg606,,2026-02-20 07:47:46.067,,t,,,t,2026-02-20 07:47:46.067,2026-02-20 07:47:46.067
cmlul7x9200rbt7xrqldeeorv,cmlul7x9000r9t7xr1wu4hrgw,cmlta35pj000jwa1zaeykg606,,2026-02-20 07:47:46.07,,t,,,t,2026-02-20 07:47:46.07,2026-02-20 07:47:46.07
cmlul7x9500rft7xrp1mq9hox,cmlul7x9300rdt7xr9n6uuqyn,cmlta35pj000jwa1zaeykg606,,2026-02-20 07:47:46.073,,t,,,t,2026-02-20 07:47:46.074,2026-02-20 07:47:46.074
cmlul7x9800rjt7xr75iteunn,cmlul7x9700rht7xrd0y3pcyb,cmlta35pj000jwa1zaeykg606,,2026-02-20 07:47:46.076,,t,,,t,2026-02-20 07:47:46.077,2026-02-20 07:47:46.077
cmlul7x9c00rnt7xr6k5msfbc,cmlul7x9a00rlt7xr4bhcxf9t,cmlta35pj000jwa1zaeykg606,,2026-02-20 07:47:46.08,,t,,,t,2026-02-20 07:47:46.081,2026-02-20 07:47:46.081
cmlul7x9f00rrt7xr1wfc4px9,cmlul7x9e00rpt7xrrgbhvl5j,cmlta35pj000jwa1zaeykg606,,2026-02-20 07:47:46.083,,t,,,t,2026-02-20 07:47:46.084,2026-02-20 07:47:46.084
cmlul7x9j00rvt7xrhnxfoacp,cmlul7x9h00rtt7xrflhn1ukp,cmlta35pj000jwa1zaeykg606,,2026-02-20 07:47:46.086,,t,,,t,2026-02-20 07:47:46.087,2026-02-20 07:47:46.087
cmlul7x9m00rzt7xr9dlqtams,cmlul7x9k00rxt7xrfouwbgiw,cmlta35pj000jwa1zaeykg606,,2026-02-20 07:47:46.09,,t,,,t,2026-02-20 07:47:46.09,2026-02-20 07:47:46.09
cmlul7x9p00s3t7xrxqe961te,cmlul7x9o00s1t7xrqbk1souu,cmlta35pj000jwa1zaeykg606,,2026-02-20 07:47:46.093,,t,,,t,2026-02-20 07:47:46.094,2026-02-20 07:47:46.094
cmlul7x9s00s7t7xrrnj92tna,cmlul7x9r00s5t7xr9y6rfj2u,cmlta35pj000jwa1zaeykg606,,2026-02-20 07:47:46.096,,t,,,t,2026-02-20 07:47:46.097,2026-02-20 07:47:46.097
cmlul7x9w00sbt7xrwc9e1vuz,cmlul7x9u00s9t7xre2mck88k,cmlta35pj000jwa1zaeykg606,,2026-02-20 07:47:46.099,,t,,,t,2026-02-20 07:47:46.1,2026-02-20 07:47:46.1
cmlul7x9z00sft7xr7nyckhwd,cmlul7x9x00sdt7xrxtfkwm1l,cmlta35pj000jwa1zaeykg606,,2026-02-20 07:47:46.103,,t,,,t,2026-02-20 07:47:46.103,2026-02-20 07:47:46.103
cmlul7xa200sjt7xrp6xfqioq,cmlul7xa000sht7xrrpu27xmd,cmlta35pj000jwa1zaeykg606,,2026-02-20 07:47:46.106,,t,,,t,2026-02-20 07:47:46.107,2026-02-20 07:47:46.107
cmlul7xa600snt7xrwpiq0tot,cmlul7xa400slt7xry4u8xlzt,cmlta35pj000jwa1zaeykg606,,2026-02-20 07:47:46.109,,t,,,t,2026-02-20 07:47:46.11,2026-02-20 07:47:46.11
cmlul7xa900srt7xr1xmnw6am,cmlul7xa700spt7xr3an7fw4e,cmlta35pj000jwa1zaeykg606,,2026-02-20 07:47:46.113,,t,,,t,2026-02-20 07:47:46.113,2026-02-20 07:47:46.113
cmlul7xac00svt7xrz18cr7pm,cmlul7xab00stt7xr6l0eyj6q,cmlta35pj000jwa1zaeykg606,,2026-02-20 07:47:46.116,,t,,,t,2026-02-20 07:47:46.117,2026-02-20 07:47:46.117
cmlul7xag00szt7xroirn3bab,cmlul7xae00sxt7xrk6jx0pu0,cmlta35pj000jwa1zaeykg606,,2026-02-20 07:47:46.119,,t,,,t,2026-02-20 07:47:46.12,2026-02-20 07:47:46.12
cmlul7xaj00t3t7xrp7em1r4n,cmlul7xah00t1t7xrq02f8ck7,cmlta35pj000jwa1zaeykg606,,2026-02-20 07:47:46.123,,t,,,t,2026-02-20 07:47:46.123,2026-02-20 07:47:46.123
cmlul7xam00t7t7xri6vvxjjf,cmlul7xak00t5t7xrf89k48uo,cmlta35pj000jwa1zaeykg606,,2026-02-20 07:47:46.126,,t,,,t,2026-02-20 07:47:46.127,2026-02-20 07:47:46.127
cmlul7xap00tbt7xrmffw0pd4,cmlul7xao00t9t7xrxhe632t4,cmlta35pj000jwa1zaeykg606,,2026-02-20 07:47:46.129,,t,,,t,2026-02-20 07:47:46.13,2026-02-20 07:47:46.13
cmlul7xat00tft7xr55qadder,cmlul7xar00tdt7xrenuqee0e,cmlta35pj000jwa1zaeykg606,,2026-02-20 07:47:46.133,,t,,,t,2026-02-20 07:47:46.133,2026-02-20 07:47:46.133
cmlul7xaw00tjt7xrpjr0q51i,cmlul7xav00tht7xr1iyuf8mx,cmlta35oz000awa1zttmgwfiq,,2026-02-20 07:47:46.136,,t,,,t,2026-02-20 07:47:46.137,2026-02-20 07:47:46.137
cmlul7xaz00tnt7xrycysmxi1,cmlul7xay00tlt7xrxdq9217f,cmlta35oz000awa1zttmgwfiq,,2026-02-20 07:47:46.139,,t,,,t,2026-02-20 07:47:46.14,2026-02-20 07:47:46.14
cmlul7xb300trt7xrfs3ve9w6,cmlul7xb100tpt7xrrc9doj5q,cmlta35oz000awa1zttmgwfiq,,2026-02-20 07:47:46.142,,t,,,t,2026-02-20 07:47:46.143,2026-02-20 07:47:46.143
cmlul7xb600tvt7xrjgait37g,cmlul7xb400ttt7xrx5g54pw5,cmlta35oz000awa1zttmgwfiq,,2026-02-20 07:47:46.146,,t,,,t,2026-02-20 07:47:46.146,2026-02-20 07:47:46.146
cmlul7xb900tzt7xrej893zom,cmlul7xb800txt7xr8h99rkuh,cmlta35oz000awa1zttmgwfiq,,2026-02-20 07:47:46.149,,t,,,t,2026-02-20 07:47:46.15,2026-02-20 07:47:46.15
cmlul7xbd00u3t7xr8v3c70gz,cmlul7xbb00u1t7xrsg6rblsr,cmlta35oz000awa1zttmgwfiq,,2026-02-20 07:47:46.153,,t,,,t,2026-02-20 07:47:46.153,2026-02-20 07:47:46.153
cmlul7xbg00u7t7xr5n40gu22,cmlul7xbe00u5t7xrrqggy0hw,cmlta35oz000awa1zttmgwfiq,,2026-02-20 07:47:46.156,,t,,,t,2026-02-20 07:47:46.156,2026-02-20 07:47:46.156
cmlul7xbj00ubt7xr8f3bvk4w,cmlul7xbh00u9t7xr330jf5qu,cmlta35oz000awa1zttmgwfiq,,2026-02-20 07:47:46.159,,t,,,t,2026-02-20 07:47:46.16,2026-02-20 07:47:46.16
cmlul7xbm00uft7xrf3faa6zp,cmlul7xbl00udt7xrq80bno14,cmlta35oz000awa1zttmgwfiq,,2026-02-20 07:47:46.162,,t,,,t,2026-02-20 07:47:46.163,2026-02-20 07:47:46.163
cmlul7xbq00ujt7xrosnrmrbi,cmlul7xbo00uht7xrrahz0d2t,cmlta35oz000awa1zttmgwfiq,,2026-02-20 07:47:46.166,,t,,,t,2026-02-20 07:47:46.166,2026-02-20 07:47:46.166
cmlul7xbt00unt7xrcbsbyd19,cmlul7xbr00ult7xrb0b3kkcl,cmlta35oz000awa1zttmgwfiq,,2026-02-20 07:47:46.169,,t,,,t,2026-02-20 07:47:46.169,2026-02-20 07:47:46.169
cmlul7xbw00urt7xr0bpchdf6,cmlul7xbv00upt7xrydeety64,cmlta35oz000awa1zttmgwfiq,,2026-02-20 07:47:46.172,,t,,,t,2026-02-20 07:47:46.173,2026-02-20 07:47:46.173
cmlul7xbz00uvt7xrfe9fx7bq,cmlul7xby00utt7xrwdm90ghj,cmlta35oz000awa1zttmgwfiq,,2026-02-20 07:47:46.175,,t,,,t,2026-02-20 07:47:46.176,2026-02-20 07:47:46.176
cmlul7xc300uzt7xrflggraqi,cmlul7xc100uxt7xrtetwhw2u,cmlta35oz000awa1zttmgwfiq,,2026-02-20 07:47:46.179,,t,,,t,2026-02-20 07:47:46.179,2026-02-20 07:47:46.179
cmlul7xc600v3t7xrqb7yhfl9,cmlul7xc400v1t7xrs3jffjih,cmlta35p4000cwa1zzip4la9c,,2026-02-20 07:47:46.182,,t,,,t,2026-02-20 07:47:46.183,2026-02-20 07:47:46.183
cmlul7xca00v7t7xrt6wi4a9n,cmlul7xc800v5t7xrkqidbgd6,cmlta35pj000jwa1zaeykg606,,2026-02-20 07:47:46.185,,t,,,t,2026-02-20 07:47:46.186,2026-02-20 07:47:46.186
cmlul7xcd00vbt7xr95cwi5cr,cmlul7xcb00v9t7xrqkkb48mf,cmlta35pj000jwa1zaeykg606,,2026-02-20 07:47:46.189,,t,,,t,2026-02-20 07:47:46.189,2026-02-20 07:47:46.189
cmlul7xcg00vft7xrbfrx5jdo,cmlul7xce00vdt7xr5f41nf6l,cmlta35pj000jwa1zaeykg606,,2026-02-20 07:47:46.192,,t,,,t,2026-02-20 07:47:46.193,2026-02-20 07:47:46.193
