id,personnelId,officerIdNumber,currentRank,currentPosition,commissionedDate,lastEvaluationDate,lastEvaluationResult,evaluationHistory,commandHistory,trainingHistory,awardHistory,createdAt,updatedAt,createdBy,updatedBy
cmlulakxv0001t799e5w42jmq,cmlul7xd600vjt7xrq1gjqfry,SQ000001,TRUNG_TA,,1996-10-09 07:18:43.789,,,,,,,2026-02-20 07:49:50.083,2026-02-20 07:49:50.083,,
cmlulakyh0009t799zqr8zo7v,cmlul7xda00vlt7xrp9fdc5z0,SQ000002,DAI_UY,,1996-07-31 12:51:49.102,,,,,,,2026-02-20 07:49:50.106,2026-02-20 07:49:50.106,,
cmlulakyq000ht799kf24tr6y,cmlul7xde00vnt7xrifmq44jl,SQ000003,DAI_UY,,2005-11-29 14:13:57.685,,,,,,,2026-02-20 07:49:50.115,2026-02-20 07:49:50.115,,
cmlulakz0000pt7991rx2xppt,cmlul7xdi00vpt7xrf4efheap,SQ000004,THIEU_TA,,2015-08-07 07:31:37.68,,,,,,,2026-02-20 07:49:50.124,2026-02-20 07:49:50.124,,
cmlulakz8000xt799fbw2rtpx,cmlul7xdm00vrt7xr458i9r6z,SQ000005,DAI_UY,,2013-08-21 18:56:20.114,,,,,,,2026-02-20 07:49:50.133,2026-02-20 07:49:50.133,,
cmlulakzi0015t799mma0wggz,cmlul7xdt00vvt7xr3lmfs3i8,SQ000006,THIEU_TA,,1995-02-03 18:28:06.192,,,,,,,2026-02-20 07:49:50.142,2026-02-20 07:49:50.142,,
cmlulakzq001dt7990rhw6js8,cmlul7xdx00vxt7xrgxv88l20,SQ000007,TRUNG_TA,,2010-04-11 11:54:50.16,,,,,,,2026-02-20 07:49:50.151,2026-02-20 07:49:50.151,,
cmlulakzz001lt799dsxv51b8,cmlul7xe100vzt7xrvuqbhpar,SQ000008,THIEU_TA,,2000-11-03 05:24:45.053,,,,,,,2026-02-20 07:49:50.159,2026-02-20 07:49:50.159,,
cmlulal07001tt799z889wlgx,cmlul7xe500w1t7xrhtb24sab,SQ000009,THIEU_TA,,2006-08-08 15:55:32.955,,,,,,,2026-02-20 07:49:50.168,2026-02-20 07:49:50.168,,
cmlulal0g0021t7993uqi9wyw,cmlul7xe800w3t7xrssqetew0,SQ000010,THIEU_TA,,2011-06-20 13:01:15.622,,,,,,,2026-02-20 07:49:50.176,2026-02-20 07:49:50.176,,
cmlulal0p0029t7996ufgvdps,cmlul7xec00w5t7xrb9irhn32,SQ000011,THIEU_TA,,2008-11-22 20:43:26.24,,,,,,,2026-02-20 07:49:50.185,2026-02-20 07:49:50.185,,
cmlulal0x002ht799io89idzs,cmlul7xeg00w7t7xr55gzfg56,SQ000012,DAI_UY,,1998-09-29 21:15:02.99,,,,,,,2026-02-20 07:49:50.194,2026-02-20 07:49:50.194,,
cmlulal16002pt799ef08f3vl,cmlul7xej00w9t7xrzidrbor5,SQ000013,DAI_UY,,2012-05-22 01:09:01.607,,,,,,,2026-02-20 07:49:50.202,2026-02-20 07:49:50.202,,
cmlulal1f002xt799kdu0rsw2,cmlul7xen00wbt7xryk7kpyeh,SQ000014,THUONG_UY,,2004-02-27 01:07:16.653,,,,,,,2026-02-20 07:49:50.211,2026-02-20 07:49:50.211,,
cmlulal1o0035t799bm5w6rkb,cmlul7xer00wdt7xrty2q4pce,SQ000015,TRUNG_UY,,1999-10-19 07:00:36.828,,,,,,,2026-02-20 07:49:50.22,2026-02-20 07:49:50.22,,
cmlulal1u003bt799875ds30a,cmlul7xeu00wft7xr24d8y48k,SQ000016,THIEU_TA,,1997-09-17 17:46:14.739,,,,,,,2026-02-20 07:49:50.226,2026-02-20 07:49:50.226,,
cmlulal20003ht7996e5wacm8,cmlul7xf200wjt7xr6n43abfw,SQ000017,THUONG_UY,,2008-01-31 05:25:12.769,,,,,,,2026-02-20 07:49:50.233,2026-02-20 07:49:50.233,,
cmlulal29003pt799hyegpocj,cmlul7xf600wlt7xrk61bqhgy,SQ000018,THUONG_UY,,2008-02-16 08:03:08.365,,,,,,,2026-02-20 07:49:50.241,2026-02-20 07:49:50.241,,
cmlulal2h003xt799qt92uei2,cmlul7xf900wnt7xrlek4xigh,SQ000019,DAI_TA,,2011-04-21 12:05:17.814,,,,,,,2026-02-20 07:49:50.25,2026-02-20 07:49:50.25,,
cmlulal2q0045t799gp8ro8wy,cmlul7xfd00wpt7xroukef6ge,SQ000020,DAI_TA,,2012-01-08 07:17:33,,,,,,,2026-02-20 07:49:50.258,2026-02-20 07:49:50.258,,
cmlulal2y004dt799v8xcm7u1,cmlul7xfg00wrt7xr7suspkpi,SQ000021,DAI_TA,,1995-06-24 16:01:08.502,,,,,,,2026-02-20 07:49:50.267,2026-02-20 07:49:50.267,,
cmlulal37004lt799tzpb6s6f,cmlul7xfk00wtt7xr60644adj,SQ000022,DAI_TA,,2015-08-02 04:39:14.472,,,,,,,2026-02-20 07:49:50.275,2026-02-20 07:49:50.275,,
cmlulal3f004tt799egcm2jcy,cmlul7xfn00wvt7xrukvc03da,SQ000023,DAI_TA,,2002-08-22 15:49:22.593,,,,,,,2026-02-20 07:49:50.284,2026-02-20 07:49:50.284,,
cmlulal3p0051t799xgqxolyk,cmlul7xfv00wzt7xrwiv323jl,SQ000024,THUONG_TA,,1999-02-25 07:49:41.576,,,,,,,2026-02-20 07:49:50.293,2026-02-20 07:49:50.293,,
cmlulal3x0059t799msaal228,cmlul7xfy00x1t7xrrc24vhdl,SQ000025,THUONG_TA,,2014-03-04 14:39:52.951,,,,,,,2026-02-20 07:49:50.302,2026-02-20 07:49:50.302,,
cmlulal4g005pt799lgqbt1fx,cmlul7xg900x7t7xr06bgbxiw,SQ000026,THUONG_TA,,2007-05-11 20:11:46.611,,,,,,,2026-02-20 07:49:50.321,2026-02-20 07:49:50.321,,
cmlulal4p005xt799cuwggxjh,cmlul7xgd00x9t7xrxmpx9vgl,SQ000027,TRUNG_TA,,2005-02-17 18:06:36.781,,,,,,,2026-02-20 07:49:50.329,2026-02-20 07:49:50.329,,
cmlulal4x0065t7998a7tolze,cmlul7xgh00xbt7xrtcl0vixu,SQ000028,DAI_TA,,2015-12-22 08:20:06.734,,,,,,,2026-02-20 07:49:50.338,2026-02-20 07:49:50.338,,
cmlulal56006dt799c6m8rtgv,cmlul7xgk00xdt7xrgiubn88j,SQ000029,DAI_TA,,2003-10-07 19:36:03.231,,,,,,,2026-02-20 07:49:50.346,2026-02-20 07:49:50.346,,
cmlulal5e006lt799fs86gdcl,cmlul7xgo00xft7xrurxq0fuv,SQ000030,THIEU_TA,,1999-10-02 00:37:26.577,,,,,,,2026-02-20 07:49:50.355,2026-02-20 07:49:50.355,,
cmlulal5n006tt799wty14u0s,cmlul7xgs00xht7xrb4oeoj5a,SQ000031,TRUNG_TA,,2012-06-19 14:39:54.712,,,,,,,2026-02-20 07:49:50.364,2026-02-20 07:49:50.364,,
cmlulal5w0071t799q9mfvcpt,cmlul7xgw00xjt7xrx3zeqa87,SQ000032,DAI_UY,,1998-12-30 21:54:36.49,,,,,,,2026-02-20 07:49:50.372,2026-02-20 07:49:50.372,,
cmlulal640079t799y3hb7izv,cmlul7xh000xlt7xrysrztok5,SQ000033,THUONG_UY,,2002-12-12 00:51:29.827,,,,,,,2026-02-20 07:49:50.381,2026-02-20 07:49:50.381,,
cmlulal6a007ft7992wakp0w1,cmlul7xh400xnt7xr44367e39,SQ000034,THUONG_UY,,2010-10-05 19:21:48.74,,,,,,,2026-02-20 07:49:50.386,2026-02-20 07:49:50.386,,
cmlulal6i007nt7999binez6p,cmlul7xh700xpt7xrfwko49i9,SQ000035,THUONG_UY,,1999-11-30 23:49:48.66,,,,,,,2026-02-20 07:49:50.395,2026-02-20 07:49:50.395,,
cmlulal6q007vt79905g1vx2g,cmlul7xhb00xrt7xro3v1lqsf,SQ000036,TRUNG_UY,,2004-10-25 11:59:53.124,,,,,,,2026-02-20 07:49:50.403,2026-02-20 07:49:50.403,,
cmlulal6z0083t799gixltbd6,cmlul7xhi00xvt7xrhrz0dgmd,SQ000037,DAI_TA,,1996-11-21 20:51:53.131,,,,,,,2026-02-20 07:49:50.412,2026-02-20 07:49:50.412,,
cmlulal78008bt799tt09tqsk,cmlul7xhm00xxt7xrhrezvf8q,SQ000038,DAI_TA,,2015-01-04 04:33:29.817,,,,,,,2026-02-20 07:49:50.42,2026-02-20 07:49:50.42,,
cmlulal7h008jt79982cqw53x,cmlul7xhp00xzt7xrgau5nq09,SQ000039,THUONG_TA,,2011-12-28 14:41:36.754,,,,,,,2026-02-20 07:49:50.429,2026-02-20 07:49:50.429,,
cmlulal7p008rt7990pokqb1q,cmlul7xht00y1t7xr7ew9453n,SQ000040,TRUNG_TA,,2007-11-16 22:40:06.358,,,,,,,2026-02-20 07:49:50.437,2026-02-20 07:49:50.437,,
cmlulal7y008zt799sz0l8368,cmlul7xhx00y3t7xr240n379u,SQ000041,TRUNG_TA,,2006-03-15 18:50:02.237,,,,,,,2026-02-20 07:49:50.446,2026-02-20 07:49:50.446,,
cmlulal860097t799p49zk8oz,cmlul7xi000y5t7xrk4o4yr6h,SQ000042,DAI_TA,,2001-11-21 15:48:42.991,,,,,,,2026-02-20 07:49:50.455,2026-02-20 07:49:50.455,,
cmlulal8e009ft799ydllxbg6,cmlul7xi400y7t7xrhcla2lq7,SQ000043,THUONG_TA,,1998-05-01 15:33:20.615,,,,,,,2026-02-20 07:49:50.463,2026-02-20 07:49:50.463,,
cmlulal8m009nt799zv6iylt7,cmlul7xi800y9t7xrgbxbon3a,SQ000044,DAI_TA,,2004-02-05 00:39:17.466,,,,,,,2026-02-20 07:49:50.471,2026-02-20 07:49:50.471,,
cmlulal8v009vt799u984n0bc,cmlul7xic00ybt7xr1g7adcao,SQ000045,DAI_TA,,1999-12-14 06:32:22.003,,,,,,,2026-02-20 07:49:50.479,2026-02-20 07:49:50.479,,
cmlulal9300a3t799pqeg1zay,cmlul7xij00yft7xr1npcxnh7,SQ000046,DAI_TA,,1996-05-07 05:57:19.619,,,,,,,2026-02-20 07:49:50.488,2026-02-20 07:49:50.488,,
cmlulal9c00abt7998drcwovd,cmlul7xin00yht7xrs8v2r11q,SQ000047,TRUNG_TA,,1996-07-22 22:32:49.216,,,,,,,2026-02-20 07:49:50.496,2026-02-20 07:49:50.496,,
cmlulal9i00aht799lswamyb2,cmlul7xir00yjt7xr9th9l3x8,SQ000048,DAI_TA,,2007-09-18 17:12:43.056,,,,,,,2026-02-20 07:49:50.503,2026-02-20 07:49:50.503,,
cmlulal9r00apt799gj4o6swc,cmlul7xiy00ynt7xrql1ftys4,SQ000049,THUONG_TA,,2004-11-19 04:11:08.048,,,,,,,2026-02-20 07:49:50.511,2026-02-20 07:49:50.511,,
cmlulal9z00axt799kgc63if8,cmlul7xj200ypt7xrysyu7mr7,SQ000050,DAI_TA,,2013-09-04 21:57:12.761,,,,,,,2026-02-20 07:49:50.519,2026-02-20 07:49:50.519,,
cmlulala800b5t799bgb4l2rl,cmlul7xj500yrt7xrld6rnydc,SQ000051,DAI_TA,,2013-01-30 21:41:34.6,,,,,,,2026-02-20 07:49:50.528,2026-02-20 07:49:50.528,,
cmlulalag00bdt7990opmmr8o,cmlul7xj900ytt7xrgcdtojur,SQ000052,THUONG_TA,,2010-10-12 15:36:59.258,,,,,,,2026-02-20 07:49:50.536,2026-02-20 07:49:50.536,,
cmlulalap00blt799kll3wn5q,cmlul7xjc00yvt7xrtmmuc6sv,SQ000053,TRUNG_TA,,2013-03-17 14:47:42.187,,,,,,,2026-02-20 07:49:50.545,2026-02-20 07:49:50.545,,
cmlulalax00btt7999bs1i2h4,cmlul7xjg00yxt7xr0mchq3vg,SQ000054,DAI_TA,,2012-03-06 20:42:01.121,,,,,,,2026-02-20 07:49:50.553,2026-02-20 07:49:50.553,,
cmlulalb600c1t799fw25igow,cmlul7xjk00yzt7xr52d476u7,SQ000055,DAI_TA,,2010-07-11 11:50:36.137,,,,,,,2026-02-20 07:49:50.563,2026-02-20 07:49:50.563,,
cmlulalbf00c9t799hll2b4il,cmlul7xjn00z1t7xr8skgb3jj,SQ000056,THIEU_TA,,1995-11-10 04:47:34.947,,,,,,,2026-02-20 07:49:50.571,2026-02-20 07:49:50.571,,
cmlulalbl00cft799mwis9k9g,cmlul7xjr00z3t7xr1q0cv4xx,SQ000057,TRUNG_TA,,2001-07-24 20:31:28.699,,,,,,,2026-02-20 07:49:50.577,2026-02-20 07:49:50.577,,
cmlulalbu00cnt799la2jn028,cmlul7xju00z5t7xry3rrn0u4,SQ000058,DAI_TA,,1997-10-30 17:54:33.929,,,,,,,2026-02-20 07:49:50.586,2026-02-20 07:49:50.586,,
cmlulalc200cvt799evqyjr70,cmlul7xjy00z7t7xrrgvyx4b1,SQ000059,THUONG_TA,,2004-10-17 06:42:31.558,,,,,,,2026-02-20 07:49:50.595,2026-02-20 07:49:50.595,,
cmlulalca00d3t79995wo454x,cmlul7xk200z9t7xrdmbrzcp0,SQ000060,DAI_TA,,2001-11-17 21:32:16.794,,,,,,,2026-02-20 07:49:50.603,2026-02-20 07:49:50.603,,
cmlulalcj00dbt799kk2wvqgu,cmlul7xk900zdt7xrpjd8zj2x,SQ000061,THUONG_TA,,2005-12-02 06:44:40.674,,,,,,,2026-02-20 07:49:50.611,2026-02-20 07:49:50.611,,
cmlulalcr00djt7995l57yg3m,cmlul7xke00zft7xrzhqfvf2e,SQ000062,THUONG_TA,,2015-04-19 10:52:07.874,,,,,,,2026-02-20 07:49:50.619,2026-02-20 07:49:50.619,,
cmlulalcz00drt79911va2gy0,cmlul7xkh00zht7xrig0iyrs7,SQ000063,DAI_TA,,2006-01-05 10:23:00.517,,,,,,,2026-02-20 07:49:50.628,2026-02-20 07:49:50.628,,
cmlulalda00dzt799pt11pej1,cmlul7xkl00zjt7xrvk40e7xp,SQ000064,DAI_TA,,1997-09-09 23:18:17.183,,,,,,,2026-02-20 07:49:50.639,2026-02-20 07:49:50.639,,
cmlulaldj00e7t79997ala38x,cmlul7xkp00zlt7xrimswu03z,SQ000065,DAI_TA,,2007-01-12 14:43:03.194,,,,,,,2026-02-20 07:49:50.647,2026-02-20 07:49:50.647,,
cmlulaldr00eft799ad7tuv8d,cmlul7xks00znt7xr699fravj,SQ000066,TRUNG_TA,,1996-06-19 06:14:51.264,,,,,,,2026-02-20 07:49:50.656,2026-02-20 07:49:50.656,,
cmlulale000ent799kgvrtq1g,cmlul7xkw00zpt7xry2f9mu49,SQ000067,TRUNG_TA,,2004-12-07 07:36:32.364,,,,,,,2026-02-20 07:49:50.664,2026-02-20 07:49:50.664,,
cmlulale900evt799mobvid3i,cmlul7xl300ztt7xrpkjuc53w,SQ000068,TRUNG_TA,,2015-03-09 22:31:29.256,,,,,,,2026-02-20 07:49:50.673,2026-02-20 07:49:50.673,,
cmlulaleh00f3t799ee9ii6jt,cmlul7xl700zvt7xr46iq6wkl,SQ000069,DAI_TA,,2005-01-10 19:25:25.61,,,,,,,2026-02-20 07:49:50.681,2026-02-20 07:49:50.681,,
cmlulalep00fbt79975jluvul,cmlul7xla00zxt7xrjge6tonh,SQ000070,THUONG_TA,,1995-03-17 17:30:34.7,,,,,,,2026-02-20 07:49:50.69,2026-02-20 07:49:50.69,,
cmlulaley00fjt799gwdiwnlk,cmlul7xle00zzt7xr2rb4ga3l,SQ000071,THUONG_TA,,2013-05-07 10:42:48.923,,,,,,,2026-02-20 07:49:50.698,2026-02-20 07:49:50.698,,
cmlulalf700frt799zwozi0dm,cmlul7xli0101t7xra0biy02i,SQ000072,TRUNG_TA,,1996-08-29 15:45:32.186,,,,,,,2026-02-20 07:49:50.707,2026-02-20 07:49:50.707,,
cmlulalff00fzt799uz2dth6t,cmlul7xll0103t7xrh0ksp5ri,SQ000073,TRUNG_TA,,2005-05-25 04:45:02.774,,,,,,,2026-02-20 07:49:50.715,2026-02-20 07:49:50.715,,
cmlulalfn00g7t799iztdddzu,cmlul7xlt0107t7xrxhynt1z6,SQ000074,THUONG_TA,,2011-02-14 11:34:38.127,,,,,,,2026-02-20 07:49:50.724,2026-02-20 07:49:50.724,,
cmlulalfv00gft799vcprez3e,cmlul7xlw0109t7xrvhbswrsd,SQ000075,THUONG_TA,,1997-11-18 13:37:44.852,,,,,,,2026-02-20 07:49:50.732,2026-02-20 07:49:50.732,,
cmlulalg400gnt79950jkjfff,cmlul7xm0010bt7xrm64ud189,SQ000076,THUONG_TA,,2015-01-19 05:52:08.04,,,,,,,2026-02-20 07:49:50.74,2026-02-20 07:49:50.74,,
cmlulalgc00gvt799osceqfw0,cmlul7xm4010dt7xrfq8mi901,SQ000077,DAI_TA,,2006-03-09 05:48:39.207,,,,,,,2026-02-20 07:49:50.749,2026-02-20 07:49:50.749,,
cmlulalgk00h3t799w8xeuu56,cmlul7xm7010ft7xrjzsh19z2,SQ000078,THUONG_TA,,2008-02-22 16:19:50.686,,,,,,,2026-02-20 07:49:50.757,2026-02-20 07:49:50.757,,
cmlulalgt00hbt799jp7a6d2d,cmlul7xmb010ht7xr9wxrn8m8,SQ000079,TRUNG_TA,,1999-02-02 02:39:35.596,,,,,,,2026-02-20 07:49:50.766,2026-02-20 07:49:50.766,,
cmlulalgz00hht799zpiplknz,cmlul7xme010jt7xrzaittund,SQ000080,TRUNG_TA,,2014-08-19 16:47:44.526,,,,,,,2026-02-20 07:49:50.772,2026-02-20 07:49:50.772,,
cmlulalh900hpt799avkmc6xd,cmlul7xmi010lt7xrpzxewk9y,SQ000081,DAI_TA,,2006-12-12 18:03:42.856,,,,,,,2026-02-20 07:49:50.781,2026-02-20 07:49:50.781,,
cmlulalhh00hxt7993gojwk8w,cmlul7xml010nt7xrox91e78y,SQ000082,DAI_TA,,2007-10-05 01:31:05.841,,,,,,,2026-02-20 07:49:50.789,2026-02-20 07:49:50.789,,
cmlulalhp00i5t799q73f3yxz,cmlul7xmp010pt7xrb0i72tvv,SQ000083,DAI_TA,,2007-01-15 22:16:17.039,,,,,,,2026-02-20 07:49:50.797,2026-02-20 07:49:50.797,,
cmlulalhy00idt799d7wbkpjw,cmlul7xmt010rt7xrh7pfb1q4,SQ000084,DAI_TA,,1996-09-17 10:59:53.218,,,,,,,2026-02-20 07:49:50.806,2026-02-20 07:49:50.806,,
cmlulali600ilt7999tutg721,cmlul7xn0010vt7xri2s0flf6,SQ000085,DAI_TA,,2004-08-14 15:12:10.498,,,,,,,2026-02-20 07:49:50.815,2026-02-20 07:49:50.815,,
cmlulalif00itt799pp3ycvt6,cmlul7xn4010xt7xrfzp6ubwy,SQ000086,DAI_TA,,2012-08-12 16:22:23.546,,,,,,,2026-02-20 07:49:50.823,2026-02-20 07:49:50.823,,
cmlulalin00j1t7998veduqku,cmlul7xn7010zt7xrphovrwey,SQ000087,DAI_TA,,2008-10-19 00:52:39.004,,,,,,,2026-02-20 07:49:50.831,2026-02-20 07:49:50.831,,
cmlulaliv00j9t7995523hi4g,cmlul7xnb0111t7xrhdyqn5mv,SQ000088,THUONG_TA,,2000-05-16 15:52:00.358,,,,,,,2026-02-20 07:49:50.84,2026-02-20 07:49:50.84,,
cmlulalj400jht799r154c4q8,cmlul7xnf0113t7xrf7621213,SQ000089,DAI_TA,,2009-02-07 16:15:01.617,,,,,,,2026-02-20 07:49:50.848,2026-02-20 07:49:50.848,,
cmlulaljc00jpt799p1go22zy,cmlul7xnm0117t7xr4alb6a48,SQ000090,TRUNG_UY,,2009-10-06 07:14:17.636,,,,,,,2026-02-20 07:49:50.857,2026-02-20 07:49:50.857,,
cmlulaljl00jxt799h9aw5pds,cmlul7xnq0119t7xr480s3tp6,SQ000091,TRUNG_UY,,2008-06-10 17:51:44.384,,,,,,,2026-02-20 07:49:50.865,2026-02-20 07:49:50.865,,
cmlulalju00k5t7997hzw6p5r,cmlul7xnu011bt7xrzddlirw0,SQ000092,TRUNG_UY,,2003-09-17 13:20:07.311,,,,,,,2026-02-20 07:49:50.874,2026-02-20 07:49:50.874,,
cmlulalk200kdt7993mjwuutv,cmlul7xnx011dt7xrax41dhvs,SQ000093,TRUNG_UY,,2000-07-20 19:34:49.581,,,,,,,2026-02-20 07:49:50.882,2026-02-20 07:49:50.882,,
cmlulalka00klt799bz3ng0le,cmlul7xo1011ft7xr7a86cbmb,SQ000094,TRUNG_UY,,2001-05-18 21:43:12.1,,,,,,,2026-02-20 07:49:50.891,2026-02-20 07:49:50.891,,
cmlulalkh00krt7994ygzb66n,cmlul7xo5011ht7xr1idbvoeh,SQ000095,TRUNG_UY,,1995-03-14 21:08:52.071,,,,,,,2026-02-20 07:49:50.898,2026-02-20 07:49:50.898,,
cmlulalkq00kzt79924jib94p,cmlul7xo9011jt7xr1tab31dz,SQ000096,TRUNG_UY,,2002-02-14 08:01:57.675,,,,,,,2026-02-20 07:49:50.906,2026-02-20 07:49:50.906,,
cmlulalky00l7t799mhmutyea,cmlul7xoc011lt7xrmpy391xn,SQ000097,TRUNG_UY,,2013-08-07 09:08:28.429,,,,,,,2026-02-20 07:49:50.915,2026-02-20 07:49:50.915,,
cmlulall700lft799rrs5duvp,cmlul7xok011pt7xrl4es14wr,SQ000098,TRUNG_UY,,1997-09-10 23:58:56.49,,,,,,,2026-02-20 07:49:50.924,2026-02-20 07:49:50.924,,
cmlulalld00llt799pwamoxdq,cmlul7xoo011rt7xrra2ahonu,SQ000099,TRUNG_UY,,1995-01-05 08:01:16.788,,,,,,,2026-02-20 07:49:50.93,2026-02-20 07:49:50.93,,
cmlulallm00ltt7997hba1yta,cmlul7xos011tt7xrtwinm7ib,SQ000100,TRUNG_UY,,2014-06-14 16:20:45.808,,,,,,,2026-02-20 07:49:50.938,2026-02-20 07:49:50.938,,
cmlulalls00lzt7990exmd9u6,cmlul7xow011vt7xrhci3auw5,SQ000101,TRUNG_UY,,2014-04-07 03:43:57.153,,,,,,,2026-02-20 07:49:50.945,2026-02-20 07:49:50.945,,
cmlulalm100m7t799w7cogcg0,cmlul7xoz011xt7xrmdxu4paa,SQ000102,TRUNG_UY,,1995-09-17 11:24:57.368,,,,,,,2026-02-20 07:49:50.953,2026-02-20 07:49:50.953,,
cmlulalm900mft7995wjwsofi,cmlul7xp3011zt7xri59yfoik,SQ000103,TRUNG_UY,,1997-11-18 01:02:06.172,,,,,,,2026-02-20 07:49:50.962,2026-02-20 07:49:50.962,,
cmlulalmh00mnt799z22hkh1y,cmlul7xp70121t7xrfjgjbfyv,SQ000104,THIEU_UY,,1996-12-21 11:40:30.846,,,,,,,2026-02-20 07:49:50.97,2026-02-20 07:49:50.97,,
cmlulalmq00mvt799acbp08ft,cmlul7xpa0123t7xrv3kscabj,SQ000105,TRUNG_UY,,2013-12-22 21:53:50.422,,,,,,,2026-02-20 07:49:50.978,2026-02-20 07:49:50.978,,
cmlulalmx00n1t799sks21hz8,cmlul7xpe0125t7xrruun0aka,SQ000106,THIEU_UY,,2012-07-06 11:09:45.433,,,,,,,2026-02-20 07:49:50.985,2026-02-20 07:49:50.985,,
cmlulaln500n9t799yel56kk1,cmlul7xpi0127t7xrjgozi8w1,SQ000107,TRUNG_UY,,2000-05-22 19:32:45.076,,,,,,,2026-02-20 07:49:50.994,2026-02-20 07:49:50.994,,
cmlulalne00nht7991m5rotcm,cmlul7xpp012bt7xr5fuzmm0e,SQ000108,TRUNG_UY,,2004-12-24 17:31:57.546,,,,,,,2026-02-20 07:49:51.002,2026-02-20 07:49:51.002,,
cmlulalnn00npt799u6vm8u62,cmlul7xps012dt7xr7w8xa8wk,SQ000109,TRUNG_UY,,1998-02-05 12:02:31.989,,,,,,,2026-02-20 07:49:51.012,2026-02-20 07:49:51.012,,
cmlulalq400pnt7994ymcb5zq,cmlul7xr00131t7xrho1hb2ce,SQ000110,TRUNG_TUONG,,2004-02-26 04:15:17.548,,,,,,,2026-02-20 07:49:51.101,2026-02-20 07:49:51.101,,
cmlulalqd00pvt7991be6wqgg,cmlul7xr30133t7xromixxj94,SQ000111,TRUNG_TUONG,,2015-08-21 16:41:57.785,,,,,,,2026-02-20 07:49:51.109,2026-02-20 07:49:51.109,,
cmlulalqm00q3t799j62hll5z,cmlul7xr70135t7xr9exj3cqa,SQ000112,THIEU_TUONG,,2007-11-19 04:32:53.521,,,,,,,2026-02-20 07:49:51.119,2026-02-20 07:49:51.119,,
cmlulalqw00qbt799vn5c9s4u,cmlul7xrb0137t7xrh58x1273,SQ000113,THIEU_TUONG,,1996-09-07 22:12:48.075,,,,,,,2026-02-20 07:49:51.128,2026-02-20 07:49:51.128,,
cmlulalr500qjt799hk08f6f6,cmlul7xre0139t7xr59hz1d4z,SQ000114,THIEU_TUONG,,2007-10-24 23:31:55.232,,,,,,,2026-02-20 07:49:51.137,2026-02-20 07:49:51.137,,
cmlulalre00qrt799rc6owv10,cmlul7xri013bt7xry4f7dae0,SQ000115,DAI_TA,,2015-12-10 18:30:23.951,,,,,,,2026-02-20 07:49:51.147,2026-02-20 07:49:51.147,,
cmlulalrn00qzt799mnm3salq,cmlul7xrm013dt7xrimni8lxx,SQ000116,DAI_TA,,2014-02-18 20:08:13.31,,,,,,,2026-02-20 07:49:51.156,2026-02-20 07:49:51.156,,
cmlulalrw00r7t7993pfnn6tq,cmlul7xrp013ft7xrqj485649,SQ000117,THUONG_TA,,2007-10-22 06:06:15.199,,,,,,,2026-02-20 07:49:51.165,2026-02-20 07:49:51.165,,
cmlulals500rft799ap69830a,cmlul7xrt013ht7xrxag7onfn,SQ000118,DAI_TA,,2005-03-06 10:33:30.146,,,,,,,2026-02-20 07:49:51.173,2026-02-20 07:49:51.173,,
cmlulalse00rnt799ukhszm75,cmlul7xrx013jt7xrhxtn2vnt,SQ000119,THUONG_TA,,2012-02-15 18:36:04.85,,,,,,,2026-02-20 07:49:51.182,2026-02-20 07:49:51.182,,
cmlulalsm00rvt799j9v352si,cmlul7xs4013nt7xrgsfca77u,SQ000120,THUONG_TA,,1995-01-03 09:16:08.87,,,,,,,2026-02-20 07:49:51.191,2026-02-20 07:49:51.191,,
cmlulalsv00s3t799w24q7x4w,cmlul7xs8013pt7xrqu7fgnf7,SQ000121,TRUNG_TA,,2001-03-08 08:52:05.97,,,,,,,2026-02-20 07:49:51.199,2026-02-20 07:49:51.199,,
cmlulalt400sbt799hq3rbv33,cmlul7xsb013rt7xrudxpmf3b,SQ000122,THUONG_UY,,2013-05-19 05:01:04.59,,,,,,,2026-02-20 07:49:51.208,2026-02-20 07:49:51.208,,
cmlulaltd00sjt799iziw2kr0,cmlul7xsf013tt7xr07acbb90,SQ000123,DAI_TA,,1996-05-06 21:57:06.813,,,,,,,2026-02-20 07:49:51.217,2026-02-20 07:49:51.217,,
cmlulaltl00srt799auuboji0,cmlul7xsj013vt7xre3ci67s6,SQ000124,DAI_TA,,2001-07-19 04:31:33.674,,,,,,,2026-02-20 07:49:51.226,2026-02-20 07:49:51.226,,
cmlulaltu00szt7998hb6wtk0,cmlul7xsm013xt7xr05pa6q1n,SQ000125,DAI_TA,,1999-12-12 06:26:03.176,,,,,,,2026-02-20 07:49:51.234,2026-02-20 07:49:51.234,,
cmlulalu200t7t799n0qrna5w,cmlul7xsq013zt7xrbtanyhmp,SQ000126,THUONG_TA,,1996-01-10 18:48:12.399,,,,,,,2026-02-20 07:49:51.242,2026-02-20 07:49:51.242,,
cmlulalua00tft7997d0d881b,cmlul7xsx0143t7xrc8spp4i1,SQ000127,DAI_TA,,2006-06-09 16:18:50.997,,,,,,,2026-02-20 07:49:51.25,2026-02-20 07:49:51.25,,
cmlulaluj00tnt7990d3tnuiy,cmlul7xt10145t7xroht1fcf3,SQ000128,DAI_TA,,2004-10-09 12:31:39.807,,,,,,,2026-02-20 07:49:51.259,2026-02-20 07:49:51.259,,
cmlulalus00tvt799l04wanro,cmlul7xt40147t7xrf268l1hk,SQ000129,DAI_TA,,2000-04-28 22:06:10.188,,,,,,,2026-02-20 07:49:51.268,2026-02-20 07:49:51.268,,
cmlulalv100u3t799xa29czd3,cmlul7xt70149t7xrcnku1arw,SQ000130,DAI_TA,,2014-01-22 01:58:19.074,,,,,,,2026-02-20 07:49:51.277,2026-02-20 07:49:51.277,,
cmlulalv900ubt799capubbjn,cmlul7xtb014bt7xrjk7ir1rg,SQ000131,DAI_TA,,2002-09-14 11:59:07.494,,,,,,,2026-02-20 07:49:51.285,2026-02-20 07:49:51.285,,
cmlulalvi00ujt799obrcg24o,cmlul7xtf014dt7xrf6fl7rdk,SQ000132,THUONG_TA,,2008-06-11 17:10:36.665,,,,,,,2026-02-20 07:49:51.295,2026-02-20 07:49:51.295,,
cmlulalvr00urt7993zxnwnns,cmlul7xti014ft7xronnp7hzz,SQ000133,TRUNG_TA,,2012-06-29 09:12:19.657,,,,,,,2026-02-20 07:49:51.304,2026-02-20 07:49:51.304,,
cmlulalw000uzt799nd5ge35u,cmlul7xtm014ht7xre7qnpz18,SQ000134,THUONG_TA,,2012-01-02 02:23:02.389,,,,,,,2026-02-20 07:49:51.312,2026-02-20 07:49:51.312,,
cmlulalwa00v7t799l1arb1f4,cmlul7xtq014jt7xrmllkprov,SQ000135,TRUNG_TA,,1995-03-24 17:33:35.308,,,,,,,2026-02-20 07:49:51.322,2026-02-20 07:49:51.322,,
cmlulalwj00vft799t2nm99he,cmlul7xtx014nt7xr6sjaj4fm,SQ000136,TRUNG_TA,,2014-01-27 00:17:56.475,,,,,,,2026-02-20 07:49:51.331,2026-02-20 07:49:51.331,,
cmlulalwr00vnt799tfbhmi6a,cmlul7xu0014pt7xrm702m3sm,SQ000137,THUONG_UY,,2008-05-30 19:55:01.408,,,,,,,2026-02-20 07:49:51.34,2026-02-20 07:49:51.34,,
cmlulalx000vtt799va3zsfif,cmlul7xu4014rt7xr1vs37yai,SQ000138,TRUNG_TA,,2009-06-19 19:24:17.073,,,,,,,2026-02-20 07:49:51.348,2026-02-20 07:49:51.348,,
cmlulalx800w1t799sbxzmuvj,cmlul7xu8014tt7xre6xe16ks,SQ000139,THUONG_TA,,1995-07-14 05:11:26.845,,,,,,,2026-02-20 07:49:51.357,2026-02-20 07:49:51.357,,
cmlulalxh00w9t799ehwnur9s,cmlul7xub014vt7xr55gyyos6,SQ000140,DAI_TA,,2012-06-20 08:40:18.416,,,,,,,2026-02-20 07:49:51.365,2026-02-20 07:49:51.365,,
cmlulalxp00wht7995fxb4ph3,cmlul7xuf014xt7xruurhmucb,SQ000141,TRUNG_TA,,1997-03-15 07:53:21.471,,,,,,,2026-02-20 07:49:51.374,2026-02-20 07:49:51.374,,
cmlulalxy00wpt799v0avem59,cmlul7xuj014zt7xr2voc3t0r,SQ000142,THIEU_TA,,2015-11-08 12:03:45.245,,,,,,,2026-02-20 07:49:51.382,2026-02-20 07:49:51.382,,
cmlulaly600wxt7996zlumpw9,cmlul7xum0151t7xr8swo49ho,SQ000143,THIEU_TA,,1995-05-20 04:42:01.52,,,,,,,2026-02-20 07:49:51.391,2026-02-20 07:49:51.391,,
cmlulalyd00x3t799dht223sh,cmlul7xuq0153t7xrcnsovitz,SQ000144,TRUNG_TA,,2008-08-03 22:07:38.9,,,,,,,2026-02-20 07:49:51.397,2026-02-20 07:49:51.397,,
cmlulalyl00xbt799hbhpu5ol,cmlul7xut0155t7xrxwk6w4eu,SQ000145,DAI_TA,,2003-07-25 01:56:21.027,,,,,,,2026-02-20 07:49:51.406,2026-02-20 07:49:51.406,,
cmlulalyu00xjt799pzrpka5i,cmlul7xv00159t7xrvbxumkqi,SQ000146,TRUNG_TA,,2013-10-19 09:43:27.055,,,,,,,2026-02-20 07:49:51.415,2026-02-20 07:49:51.415,,
cmlulalz300xrt799mz1gwroa,cmlul7xv4015bt7xrvconiyam,SQ000147,TRUNG_TA,,2004-07-06 19:48:42.75,,,,,,,2026-02-20 07:49:51.423,2026-02-20 07:49:51.423,,
cmlulalzb00xzt79927hufsl0,cmlul7xv8015dt7xrc1rckgrb,SQ000148,TRUNG_TA,,1999-11-18 19:53:23.604,,,,,,,2026-02-20 07:49:51.432,2026-02-20 07:49:51.432,,
cmlulalzk00y7t799ac01nrn5,cmlul7xvb015ft7xrqr27cxv6,SQ000149,TRUNG_TA,,2013-08-30 13:32:39.631,,,,,,,2026-02-20 07:49:51.44,2026-02-20 07:49:51.44,,
cmlulalzt00yft7990jbidtin,cmlul7xvj015jt7xro96dz4kh,SQ000150,DAI_TA,,2001-11-06 21:43:26.69,,,,,,,2026-02-20 07:49:51.45,2026-02-20 07:49:51.45,,
cmlulam0200ynt799r9owa4p7,cmlul7xvm015lt7xr7cmkwikj,SQ000151,THUONG_TA,,1995-04-09 07:50:50.12,,,,,,,2026-02-20 07:49:51.459,2026-02-20 07:49:51.459,,
cmlulam0b00yvt7994qaicmcx,cmlul7xvq015nt7xr5gfahfru,SQ000152,DAI_TA,,2005-01-14 12:56:38.381,,,,,,,2026-02-20 07:49:51.467,2026-02-20 07:49:51.467,,
cmlulam0j00z3t799uw1ggok9,cmlul7xvt015pt7xral7ssn9d,SQ000153,DAI_TA,,2004-01-01 04:41:42.438,,,,,,,2026-02-20 07:49:51.476,2026-02-20 07:49:51.476,,
cmlulam0r00zbt7993jvas9w8,cmlul7xvx015rt7xr25ahes9o,SQ000154,THUONG_TA,,2000-01-17 05:46:44.968,,,,,,,2026-02-20 07:49:51.484,2026-02-20 07:49:51.484,,
cmlulam1000zjt799onjsjdoj,cmlul7xw0015tt7xrpqhfigyl,SQ000155,THUONG_TA,,1998-10-15 17:47:35.823,,,,,,,2026-02-20 07:49:51.492,2026-02-20 07:49:51.492,,
cmlulam1800zrt799yjtd9n6x,cmlul7xw4015vt7xrlz08gsik,SQ000156,THUONG_TA,,2001-10-05 14:47:00.702,,,,,,,2026-02-20 07:49:51.5,2026-02-20 07:49:51.5,,
cmlulam1h00zzt799g9mr8z5b,cmlul7xwc015zt7xrlc9db1nr,SQ000157,DAI_TA,,2011-04-19 14:05:28.553,,,,,,,2026-02-20 07:49:51.509,2026-02-20 07:49:51.509,,
cmlulam1p0107t799w5hftgss,cmlul7xwg0161t7xrd3kp6385,SQ000158,DAI_TA,,1999-10-18 06:52:01.889,,,,,,,2026-02-20 07:49:51.517,2026-02-20 07:49:51.517,,
cmlulam1x010ft799as3hgku9,cmlul7xwj0163t7xrhapi60vf,SQ000159,DAI_TA,,1997-01-26 05:02:37.732,,,,,,,2026-02-20 07:49:51.526,2026-02-20 07:49:51.526,,
cmlulam25010nt7992ind86y9,cmlul7xwn0165t7xrvjomvjro,SQ000160,DAI_TA,,2005-05-20 00:20:12.226,,,,,,,2026-02-20 07:49:51.534,2026-02-20 07:49:51.534,,
cmlulam2e010vt79913vsrmab,cmlul7xwr0167t7xrjsh244yl,SQ000161,DAI_TA,,1998-06-13 01:59:22.106,,,,,,,2026-02-20 07:49:51.542,2026-02-20 07:49:51.542,,
cmlulam2n0113t799ucj4l0k8,cmlul7xwv0169t7xr9upobc35,SQ000162,THUONG_TA,,2000-05-01 16:23:52.719,,,,,,,2026-02-20 07:49:51.551,2026-02-20 07:49:51.551,,
cmlulam2v011bt799pe4v8h9p,cmlul7xwy016bt7xrxenfnx1y,SQ000163,DAI_TA,,2015-03-14 22:50:28.829,,,,,,,2026-02-20 07:49:51.56,2026-02-20 07:49:51.56,,
cmlulam34011jt79983vmhftm,cmlul7xx2016dt7xrc87tlrpg,SQ000164,DAI_TA,,1998-05-30 01:17:47.059,,,,,,,2026-02-20 07:49:51.568,2026-02-20 07:49:51.568,,
cmlulam3c011rt799m5xt5qih,cmlul7xx5016ft7xrpmr5kzal,SQ000165,DAI_TA,,1998-03-14 03:01:14.026,,,,,,,2026-02-20 07:49:51.576,2026-02-20 07:49:51.576,,
cmlulam3k011zt799sv0df7fh,cmlul7xx9016ht7xrcpr2oi0f,SQ000166,DAI_TA,,2006-01-29 16:03:16.353,,,,,,,2026-02-20 07:49:51.585,2026-02-20 07:49:51.585,,
cmlulam3t0127t7997ej2vllb,cmlul7xxd016jt7xrmkxmsq9v,SQ000167,TRUNG_TA,,2004-06-06 23:52:58.263,,,,,,,2026-02-20 07:49:51.594,2026-02-20 07:49:51.594,,
cmlulam41012ft799stzycvdr,cmlul7xxh016lt7xrf28qo800,SQ000168,DAI_TA,,2013-04-12 00:01:09.431,,,,,,,2026-02-20 07:49:51.602,2026-02-20 07:49:51.602,,
cmlulam4a012nt799gi4y5q7a,cmlul7xxo016pt7xri9smplim,SQ000169,TRUNG_TA,,1999-11-10 13:47:11.595,,,,,,,2026-02-20 07:49:51.61,2026-02-20 07:49:51.61,,
cmlulam4i012vt799r1qw59m5,cmlul7xxr016rt7xr7biwcyp1,SQ000170,DAI_TA,,1995-04-20 08:24:04.788,,,,,,,2026-02-20 07:49:51.619,2026-02-20 07:49:51.619,,
cmlulam4r0133t7990nhwey7e,cmlul7xxv016tt7xr0bbcryso,SQ000171,DAI_TA,,2006-11-15 05:18:46.752,,,,,,,2026-02-20 07:49:51.627,2026-02-20 07:49:51.627,,
cmlulam4z013bt799o5bprohi,cmlul7xy2016xt7xr5ioautiz,SQ000172,TRUNG_TA,,2009-06-09 21:18:46.188,,,,,,,2026-02-20 07:49:51.635,2026-02-20 07:49:51.635,,
cmlulam57013jt79934yhh3b8,cmlul7xy6016zt7xrmr6l6wp4,SQ000173,THUONG_TA,,2004-05-02 11:46:14.157,,,,,,,2026-02-20 07:49:51.644,2026-02-20 07:49:51.644,,
cmlulam5f013rt799ykvlwwsl,cmlul7xy90171t7xr5rsa5xyp,SQ000174,THUONG_TA,,2002-04-21 04:52:49.889,,,,,,,2026-02-20 07:49:51.651,2026-02-20 07:49:51.651,,
cmlulam5n013zt799ifw434fm,cmlul7xyd0173t7xr1vwv14rs,SQ000175,DAI_TA,,2006-11-03 17:14:04.138,,,,,,,2026-02-20 07:49:51.66,2026-02-20 07:49:51.66,,
cmlulam5w0147t7996uhbzyvt,cmlul7xyh0175t7xrq5arwoqj,SQ000176,THUONG_TA,,2003-06-08 06:56:06.828,,,,,,,2026-02-20 07:49:51.668,2026-02-20 07:49:51.668,,
cmlulam64014ft799kdr1dq2a,cmlul7xyl0177t7xr0891biru,SQ000177,TRUNG_TA,,2001-06-29 20:47:37.151,,,,,,,2026-02-20 07:49:51.677,2026-02-20 07:49:51.677,,
cmlulam6d014nt799xzq3b2ji,cmlul7xyo0179t7xr0xk0us8t,SQ000178,TRUNG_TA,,2004-01-03 21:10:37.238,,,,,,,2026-02-20 07:49:51.685,2026-02-20 07:49:51.685,,
cmlulam6l014vt799g8r659wa,cmlul7xyv017dt7xra88fzxp2,SQ000179,DAI_TA,,1995-05-21 19:53:37.33,,,,,,,2026-02-20 07:49:51.693,2026-02-20 07:49:51.693,,
cmlulam6t0153t799t39nh0h5,cmlul7xyz017ft7xruwshurjv,SQ000180,DAI_TA,,2000-12-20 03:38:36.078,,,,,,,2026-02-20 07:49:51.701,2026-02-20 07:49:51.701,,
cmlulam71015bt7991opjnc96,cmlul7xz3017ht7xreqzdipcj,SQ000181,DAI_TA,,2010-10-23 16:26:53.019,,,,,,,2026-02-20 07:49:51.709,2026-02-20 07:49:51.709,,
cmlulam79015jt799rfi2xrnq,cmlul7xz6017jt7xryufnvsdl,SQ000182,DAI_TA,,2002-04-14 05:55:26.02,,,,,,,2026-02-20 07:49:51.717,2026-02-20 07:49:51.717,,
cmlulam7h015rt799ql20y3i2,cmlul7xza017lt7xr2525nz5l,SQ000183,DAI_TA,,2010-08-26 15:23:02.96,,,,,,,2026-02-20 07:49:51.726,2026-02-20 07:49:51.726,,
cmlulam7q015zt799ij9dxs3m,cmlul7xzd017nt7xr2tzg7ac9,SQ000184,DAI_TA,,2002-10-14 21:47:06.269,,,,,,,2026-02-20 07:49:51.734,2026-02-20 07:49:51.734,,
cmlulam7y0167t7996r3di1ch,cmlul7xzh017pt7xrrxayn29n,SQ000185,DAI_TA,,2009-06-26 13:17:22.025,,,,,,,2026-02-20 07:49:51.742,2026-02-20 07:49:51.742,,
cmlulam86016ft799qroz1pno,cmlul7xzk017rt7xrzccperhk,SQ000186,DAI_TA,,2002-11-09 10:23:33.776,,,,,,,2026-02-20 07:49:51.751,2026-02-20 07:49:51.751,,
cmlulam8f016nt799vegcllpd,cmlul7xzo017tt7xr1rwtk8vp,SQ000187,DAI_TA,,2009-04-02 18:32:19.565,,,,,,,2026-02-20 07:49:51.759,2026-02-20 07:49:51.759,,
cmlulam8n016vt799obg5uecq,cmlul7xzs017vt7xrxj6zbs9d,SQ000188,DAI_TA,,2003-01-26 14:13:54.802,,,,,,,2026-02-20 07:49:51.767,2026-02-20 07:49:51.767,,
cmlulam8v0173t799qw4tqg4f,cmlul7xzv017xt7xrtvodl9ov,SQ000189,DAI_TA,,2002-03-12 10:51:31.285,,,,,,,2026-02-20 07:49:51.775,2026-02-20 07:49:51.775,,
cmlulam93017bt799j6g8lgr4,cmlul7xzz017zt7xrcvjf9500,SQ000190,THUONG_TA,,2002-08-03 11:46:23.906,,,,,,,2026-02-20 07:49:51.783,2026-02-20 07:49:51.783,,
cmlulam9b017jt799eb3qv0mc,cmlul7y060183t7xrvdudc140,SQ000191,THUONG_TA,,2000-05-02 22:01:50.972,,,,,,,2026-02-20 07:49:51.792,2026-02-20 07:49:51.792,,
cmlulam9j017rt799f8muroat,cmlul7y090185t7xr1rmwigl2,SQ000192,DAI_TA,,2009-09-09 00:07:55.075,,,,,,,2026-02-20 07:49:51.8,2026-02-20 07:49:51.8,,
cmlulam9s017zt799dj64hfz1,cmlul7y0d0187t7xrlbsesm2w,SQ000193,DAI_TA,,2001-11-05 01:33:17.991,,,,,,,2026-02-20 07:49:51.808,2026-02-20 07:49:51.808,,
cmlulama00187t799vj5rp7y8,cmlul7y0k018bt7xrz6ql0bsz,SQ000194,DAI_TA,,2007-11-05 10:48:39.591,,,,,,,2026-02-20 07:49:51.816,2026-02-20 07:49:51.816,,
cmlulama9018ft799cx1wk604,cmlul7y0o018dt7xrp1hk85t6,SQ000195,THUONG_TA,,1995-09-01 01:11:02.261,,,,,,,2026-02-20 07:49:51.825,2026-02-20 07:49:51.825,,
cmlulamah018nt79906qeiqsj,cmlul7y0s018ft7xrfa33pikf,SQ000196,THIEU_TA,,2007-01-20 17:31:54.632,,,,,,,2026-02-20 07:49:51.833,2026-02-20 07:49:51.833,,
cmlulaman018tt7993lzptr3m,cmlul7y0v018ht7xr0jpw94qv,SQ000197,DAI_UY,,2001-08-24 23:08:23.66,,,,,,,2026-02-20 07:49:51.839,2026-02-20 07:49:51.839,,
cmlulamat018zt799e5r0ijen,cmlul7y0z018jt7xrfk7inkx1,SQ000198,THIEU_TA,,1995-11-04 01:02:39.038,,,,,,,2026-02-20 07:49:51.845,2026-02-20 07:49:51.845,,
cmlulamb10197t799khhij09n,cmlul7y12018lt7xr7cg60lux,SQ000199,TRUNG_TA,,2007-04-12 05:37:49.061,,,,,,,2026-02-20 07:49:51.853,2026-02-20 07:49:51.853,,
cmlulamb9019ft7993swfld0v,cmlul7y1a018pt7xr1u50fy6x,SQ000200,TRUNG_TA,,2001-06-25 11:42:01.714,,,,,,,2026-02-20 07:49:51.862,2026-02-20 07:49:51.862,,
cmlulambh019nt799ibr7d320,cmlul7y1d018rt7xrikka2cib,SQ000201,TRUNG_TA,,2002-09-12 06:06:41.754,,,,,,,2026-02-20 07:49:51.87,2026-02-20 07:49:51.87,,
cmlulambq019vt7994tcity65,cmlul7y1h018tt7xrtaqq5u8t,SQ000202,THUONG_TA,,2007-04-01 17:59:21.533,,,,,,,2026-02-20 07:49:51.878,2026-02-20 07:49:51.878,,
cmlulambz01a3t799g6cfctx6,cmlul7y1k018vt7xrbdldhtg2,SQ000203,THUONG_TA,,2015-11-29 00:50:39.89,,,,,,,2026-02-20 07:49:51.887,2026-02-20 07:49:51.887,,
cmlulamc801abt799zwf3gl8n,cmlul7y1o018xt7xrf4qqit82,SQ000204,THUONG_TA,,2009-03-16 22:58:01.303,,,,,,,2026-02-20 07:49:51.896,2026-02-20 07:49:51.896,,
cmlulamg101dvt799pzgrnbbn,cmlul7y3o01a1t7xrrl3enngr,SQ000205,TRUNG_TA,,2011-08-13 15:02:36.659,,,,,,,2026-02-20 07:49:52.033,2026-02-20 07:49:52.033,,
cmlulamg901e3t799vutdaoxp,cmlul7y3s01a3t7xra48p76uh,SQ000206,THIEU_TA,,1998-01-31 21:11:36.89,,,,,,,2026-02-20 07:49:52.042,2026-02-20 07:49:52.042,,
cmlulamgi01ebt799tcl2xl0g,cmlul7y3w01a5t7xrqwfg8ti6,SQ000207,THIEU_TA,,1999-02-18 12:34:11.933,,,,,,,2026-02-20 07:49:52.05,2026-02-20 07:49:52.05,,
cmlulamgq01ejt799dh7vvx58,cmlul7y3z01a7t7xr6icaqvvn,SQ000208,DAI_UY,,1999-06-26 18:30:25.518,,,,,,,2026-02-20 07:49:52.059,2026-02-20 07:49:52.059,,
cmlulamh001ert7999t79h9hy,cmlul7y4701abt7xrhnujympq,SQ000209,THUONG_UY,,2014-05-24 10:20:57.236,,,,,,,2026-02-20 07:49:52.068,2026-02-20 07:49:52.068,,
cmlulamh901ezt799zo1osikh,cmlul7y4a01adt7xrr1d7rggp,SQ000210,THUONG_TA,,2015-09-13 09:17:14.421,,,,,,,2026-02-20 07:49:52.077,2026-02-20 07:49:52.077,,
cmlulamhh01f7t799a4c4dt2v,cmlul7y4e01aft7xr2a8qqox4,SQ000211,THUONG_TA,,2001-09-20 14:18:28.149,,,,,,,2026-02-20 07:49:52.086,2026-02-20 07:49:52.086,,
cmlulamhq01fft799q1wchwgr,cmlul7y4h01aht7xruqojps8s,SQ000212,THIEU_TA,,2012-02-02 18:05:36.637,,,,,,,2026-02-20 07:49:52.095,2026-02-20 07:49:52.095,,
cmlulamhy01fnt799q9fmhn1p,cmlul7y4l01ajt7xr7gx18wwc,SQ000213,THIEU_TA,,1998-11-18 16:46:38.707,,,,,,,2026-02-20 07:49:52.103,2026-02-20 07:49:52.103,,
cmlulami801fvt799ztqho73x,cmlul7y4o01alt7xrdgwdml6n,SQ000214,TRUNG_TA,,2004-02-16 20:50:07.213,,,,,,,2026-02-20 07:49:52.112,2026-02-20 07:49:52.112,,
cmlulamih01g3t799qooqn7do,cmlul7y4s01ant7xr9522mj7n,SQ000215,TRUNG_TA,,2001-10-21 05:22:23.96,,,,,,,2026-02-20 07:49:52.121,2026-02-20 07:49:52.121,,
cmlulamin01g9t799lp6qqoly,cmlul7y4w01apt7xr0u3c5h9j,SQ000216,THIEU_TA,,2011-06-09 05:56:34.791,,,,,,,2026-02-20 07:49:52.127,2026-02-20 07:49:52.127,,
cmlulamit01gft799hzibq30y,cmlul7y4z01art7xr25ju7sn2,SQ000217,THUONG_TA,,1996-12-07 21:00:02.739,,,,,,,2026-02-20 07:49:52.133,2026-02-20 07:49:52.133,,
cmlulamj101gnt7998kipo1zf,cmlul7y5301att7xr9mh4un4k,SQ000218,THUONG_UY,,2000-09-30 11:07:39.752,,,,,,,2026-02-20 07:49:52.142,2026-02-20 07:49:52.142,,
cmlulamj901gvt7992rg92xhr,cmlul7y5601avt7xrbmga5n8p,SQ000219,THUONG_UY,,2012-03-15 01:36:18.673,,,,,,,2026-02-20 07:49:52.15,2026-02-20 07:49:52.15,,
cmlulamji01h3t7994aiup9h8,cmlul7y5e01azt7xr01rx6e7t,SQ000220,THIEU_TA,,1998-04-09 03:42:53.53,,,,,,,2026-02-20 07:49:52.158,2026-02-20 07:49:52.158,,
cmlulamjq01hbt799zs78qtfy,cmlul7y5h01b1t7xrkskod570,SQ000221,DAI_UY,,2005-09-06 21:57:19.196,,,,,,,2026-02-20 07:49:52.166,2026-02-20 07:49:52.166,,
cmlulamjy01hjt7999o2lhtz4,cmlul7y5l01b3t7xruzx95wog,SQ000222,DAI_UY,,2003-10-10 19:52:53.714,,,,,,,2026-02-20 07:49:52.175,2026-02-20 07:49:52.175,,
cmlulamk501hpt7995msos42w,cmlul7xct00vht7xry73a0697,SQ000223,THIEU_TA,,2009-08-23 20:11:14.969,,,,,,,2026-02-20 07:49:52.181,2026-02-20 07:49:52.181,,
cmlulamkm01i5t7992en0ywsp,cmlul7xey00wht7xrkwrnvins,SQ000224,THIEU_TA,,2001-07-10 08:58:00.394,,,,,,,2026-02-20 07:49:52.198,2026-02-20 07:49:52.198,,
cmlulamku01idt799tct572r8,cmlul7xfr00wxt7xrg485iwly,SQ000225,THUONG_TA,,2007-12-13 20:53:53.409,,,,,,,2026-02-20 07:49:52.207,2026-02-20 07:49:52.207,,
cmlulaml301ilt799hsi3lizu,cmlul7xg200x3t7xr98zis2nz,SQ000226,TRUNG_TA,,1998-06-16 06:11:57.181,,,,,,,2026-02-20 07:49:52.215,2026-02-20 07:49:52.215,,
cmlulamli01izt799kqim1uvc,cmlul7xif00ydt7xr4n21nsvf,SQ000227,DAI_TA,,2000-01-30 01:07:26.595,,,,,,,2026-02-20 07:49:52.23,2026-02-20 07:49:52.23,,
cmlulamlq01j7t799jy9azhbk,cmlul7xiu00ylt7xrhkp2aqa4,SQ000228,THUONG_TA,,2014-09-28 14:18:08.603,,,,,,,2026-02-20 07:49:52.238,2026-02-20 07:49:52.238,,
cmlulamlz01jft7993sk9ovmj,cmlul7xk600zbt7xrfqnxq966,SQ000229,THUONG_TA,,2010-06-01 14:43:06.931,,,,,,,2026-02-20 07:49:52.247,2026-02-20 07:49:52.247,,
cmlulamm701jnt7993zlgpauu,cmlul7xl000zrt7xrhn7afedq,SQ000230,THUONG_TA,,1996-02-22 17:30:09.991,,,,,,,2026-02-20 07:49:52.256,2026-02-20 07:49:52.256,,
cmlulammf01jvt799ehzkbok5,cmlul7xlp0105t7xrlyuiguaj,SQ000231,THUONG_TA,,1999-10-12 11:54:52.466,,,,,,,2026-02-20 07:49:52.264,2026-02-20 07:49:52.264,,
cmlulammo01k3t799c5k3y4gq,cmlul7xmw010tt7xr9sdo5w4e,SQ000232,DAI_TA,,2015-03-21 20:33:30.33,,,,,,,2026-02-20 07:49:52.272,2026-02-20 07:49:52.272,,
cmlulammw01kbt799eikcjqpu,cmlul7xnj0115t7xrt0erv8e2,SQ000233,TRUNG_UY,,1999-12-12 15:23:44.054,,,,,,,2026-02-20 07:49:52.28,2026-02-20 07:49:52.28,,
cmlulamn201kht7991fryvyny,cmlul7xog011nt7xr24qqsjxy,SQ000234,TRUNG_UY,,2011-06-28 01:29:35.675,,,,,,,2026-02-20 07:49:52.286,2026-02-20 07:49:52.286,,
cmlulamna01kpt799nsmhwq3u,cmlul7xpl0129t7xr71lscwic,SQ000235,TRUNG_UY,,1999-02-17 20:24:52.105,,,,,,,2026-02-20 07:49:52.295,2026-02-20 07:49:52.295,,
cmlulamnx01lbt799pt205gea,cmlul7xs0013lt7xrlnww0ynv,SQ000236,DAI_TA,,2009-08-22 01:41:52.67,,,,,,,2026-02-20 07:49:52.318,2026-02-20 07:49:52.318,,
cmlulamob01lnt799tctqslt5,cmlul7xtt014lt7xrqxgq9fay,SQ000237,THUONG_TA,,2004-04-20 18:08:05.249,,,,,,,2026-02-20 07:49:52.331,2026-02-20 07:49:52.331,,
cmlulamoj01lvt799ydvrkheo,cmlul7y5s01b7t7xrb6gmdlbg,SQ000238,THIEU_TA,,2000-09-27 09:05:52.527,,,,,,,2026-02-20 07:49:52.34,2026-02-20 07:49:52.34,,
cmlulamp601mht799sy7iy9mu,cmlul7xux0157t7xrxh8l75vz,SQ000239,THIEU_TA,,1996-05-11 11:19:59.744,,,,,,,2026-02-20 07:49:52.363,2026-02-20 07:49:52.363,,
cmlulampf01mpt7993y38prsv,cmlul7xvf015ht7xrb08yi4h5,SQ000240,THUONG_TA,,2010-08-01 16:52:31.15,,,,,,,2026-02-20 07:49:52.371,2026-02-20 07:49:52.371,,
cmlulampo01mxt799e6d3luoj,cmlul7xw8015xt7xrsker8iw5,SQ000241,THUONG_TA,,2008-03-14 17:21:15.692,,,,,,,2026-02-20 07:49:52.381,2026-02-20 07:49:52.381,,
cmlulampx01n5t799gjf48390,cmlul7xxk016nt7xrf1baix02,SQ000242,DAI_TA,,2005-02-01 22:12:42.48,,,,,,,2026-02-20 07:49:52.389,2026-02-20 07:49:52.389,,
cmlulamq601ndt799fy9bo3pi,cmlul7xxz016vt7xrly1wkwtx,SQ000243,DAI_TA,,2010-09-01 01:16:15.189,,,,,,,2026-02-20 07:49:52.398,2026-02-20 07:49:52.398,,
cmlulamqe01nlt799gin80ikm,cmlul7xys017bt7xr809bze1q,SQ000244,THIEU_TA,,1995-10-24 06:34:06.418,,,,,,,2026-02-20 07:49:52.407,2026-02-20 07:49:52.407,,
cmlulamqm01ntt799hvf4qcj0,cmlul7y020181t7xry0mevp6y,SQ000245,DAI_TA,,2002-12-27 01:07:20.31,,,,,,,2026-02-20 07:49:52.415,2026-02-20 07:49:52.415,,
cmlulamqu01o1t799d2bp9t6v,cmlul7y0g0189t7xrxmu78k3g,SQ000246,DAI_TA,,1996-02-04 21:03:30.21,,,,,,,2026-02-20 07:49:52.423,2026-02-20 07:49:52.423,,
cmlulamr301o9t799kpcl62t6,cmlul7y16018nt7xrtl1wl1be,SQ000247,THIEU_TA,,2011-06-12 11:32:16.059,,,,,,,2026-02-20 07:49:52.431,2026-02-20 07:49:52.431,,
cmlulamrq01ovt799tw5krktr,cmlul7y4301a9t7xrqosw5467,SQ000248,THIEU_TA,,2003-08-24 18:31:43.968,,,,,,,2026-02-20 07:49:52.455,2026-02-20 07:49:52.455,,
cmlulamrz01p3t799ymcogskn,cmlul7y5a01axt7xrqpz3klo9,SQ000249,TRUNG_TA,,2013-02-28 09:20:07.881,,,,,,,2026-02-20 07:49:52.463,2026-02-20 07:49:52.463,,
cmlulams701pbt799441adz3v,cmlul7y5o01b5t7xr22s659ux,SQ000250,THIEU_TA,,2013-12-17 13:05:11.706,,,,,,,2026-02-20 07:49:52.471,2026-02-20 07:49:52.471,,
