id,userId,partyCardNumber,joinDate,officialDate,partyCell,partyCommittee,recommender1,recommender2,status,statusChangeDate,statusChangeReason,deletedAt,deletedBy,createdAt,updatedAt
cmlulbz8n001jt7dnbq8wgfe5,cmlul7wtq009ht7xrqjazythz,DV000010,2008-02-06 05:25:47.494,2008-02-06 05:25:47.494,Chi bộ 1,,,,ACTIVE,,,,,2026-02-20 07:50:55.272,2026-02-20 07:50:55.272
cmlulbz8u001pt7dnzq9q7rvf,cmlul7wtt009lt7xrtqu2kawn,DV000011,2012-06-11 02:36:05.878,2012-06-11 02:36:05.878,Chi bộ 1,,,,ACTIVE,,,,,2026-02-20 07:50:55.279,2026-02-20 07:50:55.279
cmlulbz92001vt7dns7jaao6c,cmlul7wtx009pt7xr84rbjy5b,DV000012,2014-11-07 14:36:53.353,2014-11-07 14:36:53.353,Chi bộ 1,,,,ACTIVE,,,,,2026-02-20 07:50:55.286,2026-02-20 07:50:55.286
cmlulbz980021t7dng49pynpc,cmlul7wu0009tt7xrerlhkqn1,DV000013,2009-07-20 06:47:43.971,2009-07-20 06:47:43.971,Chi bộ 1,,,,ACTIVE,,,,,2026-02-20 07:50:55.292,2026-02-20 07:50:55.292
cmlulbz9e0027t7dn8t22pojz,cmlul7wu3009xt7xrnlwb1gth,DV000014,2018-11-02 09:21:24.43,2018-11-02 09:21:24.43,Chi bộ 1,,,,ACTIVE,,,,,2026-02-20 07:50:55.298,2026-02-20 07:50:55.298
cmlulbz9u002lt7dno9pvkzx1,cmlul7wuh00adt7xro400ypgb,DV000015,2018-07-17 21:36:34.45,2018-07-17 21:36:34.45,Chi bộ 1,,,,ACTIVE,,,,,2026-02-20 07:50:55.314,2026-02-20 07:50:55.314
cmlulbza0002rt7dndf30yutl,cmlul7wuk00aht7xrzqhg5kma,DV000016,2012-06-13 08:34:28.475,2012-06-13 08:34:28.475,Chi bộ 1,,,,ACTIVE,,,,,2026-02-20 07:50:55.321,2026-02-20 07:50:55.321
cmlulbza6002xt7dnk3bo40a9,cmlul7wuo00alt7xrp996edhf,DV000017,1992-07-10 12:20:23.558,1992-07-10 12:20:23.558,Chi bộ 1,,,,ACTIVE,,,,,2026-02-20 07:50:55.327,2026-02-20 07:50:55.327
cmlulbzad0033t7dntjr2s742,cmlul7wur00apt7xrazexyww9,DV000018,1999-04-12 05:21:47.006,1999-04-12 05:21:47.006,Chi bộ 1,,,,ACTIVE,,,,,2026-02-20 07:50:55.333,2026-02-20 07:50:55.333
cmlulbzak0039t7dnhv3c60dc,cmlul7wuv00att7xre75s9c5f,DV000019,1994-04-30 23:12:11.717,1994-04-30 23:12:11.717,Chi bộ 1,,,,ACTIVE,,,,,2026-02-20 07:50:55.34,2026-02-20 07:50:55.34
cmlulbzaq003ft7dnn2q283bp,cmlul7wuy00axt7xrxagfd5x3,DV000020,1997-03-25 15:21:39.703,1997-03-25 15:21:39.703,Chi bộ 1,,,,ACTIVE,,,,,2026-02-20 07:50:55.346,2026-02-20 07:50:55.346
cmlulbzaw003lt7dnyi60fh1n,cmlul7wv200b1t7xrf3sk4q3p,DV000021,1999-09-08 22:08:00.438,1999-09-08 22:08:00.438,Chi bộ 1,,,,ACTIVE,,,,,2026-02-20 07:50:55.353,2026-02-20 07:50:55.353
cmlulbzb3003rt7dnt82nvkjd,cmlul7wv800b9t7xrmhiygbtl,DV000022,1995-01-31 12:20:27.684,1995-01-31 12:20:27.684,Chi bộ 1,,,,ACTIVE,,,,,2026-02-20 07:50:55.359,2026-02-20 07:50:55.359
cmlulbzb9003xt7dn5wj8ud24,cmlul7wvb00bdt7xrxe6filg5,DV000023,2004-01-21 01:19:18.064,2004-01-21 01:19:18.064,Chi bộ 1,,,,ACTIVE,,,,,2026-02-20 07:50:55.366,2026-02-20 07:50:55.366
cmlulbzbm0045t7dnenxb7hrp,cmlul7wvi00blt7xrpy21gsbd,DV000024,2007-07-20 16:49:07.258,2007-07-20 16:49:07.258,Chi bộ 1,,,,ACTIVE,,,,,2026-02-20 07:50:55.378,2026-02-20 07:50:55.378
cmlulbzbs004bt7dnyuxcg9hn,cmlul7wvm00bpt7xrpoahoes8,DV000025,2005-10-11 10:26:21.231,2005-10-11 10:26:21.231,Chi bộ 1,,,,ACTIVE,,,,,2026-02-20 07:50:55.384,2026-02-20 07:50:55.384
cmlulbzby004ht7dnwekdgc46,cmlul7wvp00btt7xr3csmtqk0,DV000026,2008-01-09 07:11:56.202,2008-01-09 07:11:56.202,Chi bộ 1,,,,ACTIVE,,,,,2026-02-20 07:50:55.391,2026-02-20 07:50:55.391
cmlulbzc5004nt7dnkqmp6cin,cmlul7wvt00bxt7xre3gvlcsh,DV000027,1996-12-13 22:33:34.546,1996-12-13 22:33:34.546,Chi bộ 1,,,,ACTIVE,,,,,2026-02-20 07:50:55.397,2026-02-20 07:50:55.397
cmlulbzcb004tt7dn0ac9gedr,cmlul7wvw00c1t7xrj17u1mey,DV000028,1997-04-29 02:46:00.549,1997-04-29 02:46:00.549,Chi bộ 1,,,,ACTIVE,,,,,2026-02-20 07:50:55.403,2026-02-20 07:50:55.403
cmlulbzch004zt7dny9o5nz6r,cmlul7wvz00c5t7xrvmuocjdp,DV000029,2008-06-05 00:40:41.298,2008-06-05 00:40:41.298,Chi bộ 1,,,,ACTIVE,,,,,2026-02-20 07:50:55.41,2026-02-20 07:50:55.41
cmlulbzco0055t7dn50pvc09w,cmlul7ww200c9t7xrcq80q2ym,DV000030,2003-03-10 07:22:56.261,2003-03-10 07:22:56.261,Chi bộ 1,,,,ACTIVE,,,,,2026-02-20 07:50:55.416,2026-02-20 07:50:55.416
cmlulbzcu005bt7dndhs53t55,cmlul7ww600cdt7xr13k135fk,DV000031,2013-10-24 07:29:52.017,2013-10-24 07:29:52.017,Chi bộ 1,,,,ACTIVE,,,,,2026-02-20 07:50:55.423,2026-02-20 07:50:55.423
cmlulbzd5005lt7dnqa7mfvaf,cmlul7wwc00clt7xr4r54koco,DV000032,2011-06-09 07:56:08.18,2011-06-09 07:56:08.18,Chi bộ 1,,,,ACTIVE,,,,,2026-02-20 07:50:55.434,2026-02-20 07:50:55.434
cmlulbzdd005rt7dnhyp000oe,cmlul7wwh00cpt7xrcd56cmbw,DV000033,2013-01-04 15:38:35.045,2013-01-04 15:38:35.045,Chi bộ 1,,,,ACTIVE,,,,,2026-02-20 07:50:55.441,2026-02-20 07:50:55.441
cmlulbzdk005xt7dnvzt6cn4z,cmlul7wwl00ctt7xreuwk1yn5,DV000034,2017-06-22 10:27:21.18,2017-06-22 10:27:21.18,Chi bộ 1,,,,ACTIVE,,,,,2026-02-20 07:50:55.448,2026-02-20 07:50:55.448
cmlulbzdq0063t7dn2bxgrxoi,cmlul7wwr00d1t7xr7fztgyjp,DV000035,1991-12-11 08:30:12.557,1991-12-11 08:30:12.557,Chi bộ 1,,,,ACTIVE,,,,,2026-02-20 07:50:55.455,2026-02-20 07:50:55.455
cmlulbzdx0069t7dn1x5oqkql,cmlul7wwv00d5t7xr3zrpfivx,DV000036,1995-06-10 03:06:27.294,1995-06-10 03:06:27.294,Chi bộ 1,,,,ACTIVE,,,,,2026-02-20 07:50:55.461,2026-02-20 07:50:55.461
cmlulbze3006ft7dnseolbfb5,cmlul7wwy00d9t7xrbmwfz4pq,DV000037,2003-01-16 23:05:45.999,2003-01-16 23:05:45.999,Chi bộ 1,,,,ACTIVE,,,,,2026-02-20 07:50:55.467,2026-02-20 07:50:55.467
cmlulbze9006lt7dne5g19g6r,cmlul7wx100ddt7xrhh5wykw7,DV000038,2003-11-28 23:31:28.592,2003-11-28 23:31:28.592,Chi bộ 1,,,,ACTIVE,,,,,2026-02-20 07:50:55.474,2026-02-20 07:50:55.474
cmlulbzeg006rt7dnsteif0bn,cmlul7wx500dht7xrcbxban13,DV000039,2008-03-21 09:29:55.341,2008-03-21 09:29:55.341,Chi bộ 1,,,,ACTIVE,,,,,2026-02-20 07:50:55.48,2026-02-20 07:50:55.48
cmlulbzem006xt7dnvzb9no2j,cmlul7wx800dlt7xrahu9tfv2,DV000040,1998-06-29 05:39:23.105,1998-06-29 05:39:23.105,Chi bộ 1,,,,ACTIVE,,,,,2026-02-20 07:50:55.487,2026-02-20 07:50:55.487
cmlulbzes0073t7dnwna0n7md,cmlul7wxb00dpt7xrj577j341,DV000041,1996-08-01 13:01:50.769,1996-08-01 13:01:50.769,Chi bộ 1,,,,ACTIVE,,,,,2026-02-20 07:50:55.493,2026-02-20 07:50:55.493
cmlulbzez0079t7dn5dfhtara,cmlul7wxf00dtt7xr0t7huhm5,DV000042,1994-11-21 05:15:58.105,1994-11-21 05:15:58.105,Chi bộ 1,,,,ACTIVE,,,,,2026-02-20 07:50:55.499,2026-02-20 07:50:55.499
cmlulbzf6007ft7dn4y8qv8oy,cmlul7wxj00dxt7xrhcg5777v,DV000043,2000-05-04 04:24:58.982,2000-05-04 04:24:58.982,Chi bộ 1,,,,ACTIVE,,,,,2026-02-20 07:50:55.506,2026-02-20 07:50:55.506
cmlulbzfc007lt7dnb40oez22,cmlul7wxq00e5t7xr0t0gr2nq,DV000044,1994-05-10 21:56:55.565,1994-05-10 21:56:55.565,Chi bộ 1,,,,ACTIVE,,,,,2026-02-20 07:50:55.512,2026-02-20 07:50:55.512
cmlulbzfn007vt7dnn9dzjlpg,cmlul7wxx00edt7xrhbwtqjrl,DV000045,1992-11-25 06:04:28.752,1992-11-25 06:04:28.752,Chi bộ 1,,,,ACTIVE,,,,,2026-02-20 07:50:55.523,2026-02-20 07:50:55.523
cmlulbzft0081t7dng07pt6vw,cmlul7wy300elt7xr657rdxoe,DV000046,1995-02-14 11:31:54,1995-02-14 11:31:54,Chi bộ 1,,,,ACTIVE,,,,,2026-02-20 07:50:55.529,2026-02-20 07:50:55.529
cmlulbzg00087t7dn0321yhwu,cmlul7wy700ept7xr3560sm0m,DV000047,1993-07-27 02:34:12.255,1993-07-27 02:34:12.255,Chi bộ 1,,,,ACTIVE,,,,,2026-02-20 07:50:55.536,2026-02-20 07:50:55.536
cmlulbzg6008dt7dn2pryy1v6,cmlul7wya00ett7xrezd5afn2,DV000048,1994-01-02 20:17:18.24,1994-01-02 20:17:18.24,Chi bộ 1,,,,ACTIVE,,,,,2026-02-20 07:50:55.542,2026-02-20 07:50:55.542
cmlulbzgc008jt7dni9bchbhz,cmlul7wyd00ext7xr47oxplff,DV000049,2005-03-08 14:31:02.34,2005-03-08 14:31:02.34,Chi bộ 1,,,,ACTIVE,,,,,2026-02-20 07:50:55.549,2026-02-20 07:50:55.549
cmlulbzgj008pt7dng78tmoqn,cmlul7wyh00f1t7xrd3f4fwuz,DV000050,2002-07-05 07:46:20.387,2002-07-05 07:46:20.387,Chi bộ 1,,,,ACTIVE,,,,,2026-02-20 07:50:55.555,2026-02-20 07:50:55.555
cmlulbzgp008vt7dn3rgf5hki,cmlul7wyk00f5t7xryab4ww4g,DV000051,1993-10-13 01:38:29.43,1993-10-13 01:38:29.43,Chi bộ 1,,,,ACTIVE,,,,,2026-02-20 07:50:55.561,2026-02-20 07:50:55.561
cmlulbzgv0091t7dnajv93jgh,cmlul7wyn00f9t7xrmx17a91x,DV000052,1996-10-26 14:51:45.246,1996-10-26 14:51:45.246,Chi bộ 1,,,,ACTIVE,,,,,2026-02-20 07:50:55.567,2026-02-20 07:50:55.567
cmlulbzh7009bt7dn9aih9nsd,cmlul7wyv00fht7xrvmgc4tj0,DV000053,2000-02-26 22:22:45.659,2000-02-26 22:22:45.659,Chi bộ 1,,,,ACTIVE,,,,,2026-02-20 07:50:55.579,2026-02-20 07:50:55.579
cmlulbzhd009ht7dnoyku763w,cmlul7wyz00flt7xrceiyh5a9,DV000054,1996-05-29 08:07:08.645,1996-05-29 08:07:08.645,Chi bộ 1,,,,ACTIVE,,,,,2026-02-20 07:50:55.585,2026-02-20 07:50:55.585
cmlulbzhj009nt7dnhzj38dfm,cmlul7wz300fpt7xr8brfowq4,DV000055,2004-05-24 14:39:54.705,2004-05-24 14:39:54.705,Chi bộ 1,,,,ACTIVE,,,,,2026-02-20 07:50:55.592,2026-02-20 07:50:55.592
cmlulbzhp009tt7dnzfgzu1ve,cmlul7wz600ftt7xrjq3raeuh,DV000056,1999-03-08 11:10:25.988,1999-03-08 11:10:25.988,Chi bộ 1,,,,ACTIVE,,,,,2026-02-20 07:50:55.598,2026-02-20 07:50:55.598
cmlulbzhv009zt7dny1dpyw9b,cmlul7wzd00g1t7xrkmd4dhw8,DV000057,2005-03-21 03:02:18.65,2005-03-21 03:02:18.65,Chi bộ 1,,,,ACTIVE,,,,,2026-02-20 07:50:55.604,2026-02-20 07:50:55.604
cmlulbzi200a5t7dn9a4t9q4j,cmlul7wzh00g5t7xrul8xs3es,DV000058,1999-05-01 22:13:31.693,1999-05-01 22:13:31.693,Chi bộ 1,,,,ACTIVE,,,,,2026-02-20 07:50:55.61,2026-02-20 07:50:55.61
cmlulbzi800abt7dnspclwg7u,cmlul7wzk00g9t7xr68mlwgts,DV000059,2000-03-30 11:40:31.694,2000-03-30 11:40:31.694,Chi bộ 1,,,,ACTIVE,,,,,2026-02-20 07:50:55.617,2026-02-20 07:50:55.617
cmlulbzie00aht7dnwqw0sqhj,cmlul7wzo00gdt7xrl332lj7n,DV000060,1990-04-26 06:15:14.965,1990-04-26 06:15:14.965,Chi bộ 1,,,,ACTIVE,,,,,2026-02-20 07:50:55.623,2026-02-20 07:50:55.623
cmlulbzik00ant7dnn6ftgbop,cmlul7wzr00ght7xrhvgmegjw,DV000061,1990-02-18 07:05:55.586,1990-02-18 07:05:55.586,Chi bộ 1,,,,ACTIVE,,,,,2026-02-20 07:50:55.629,2026-02-20 07:50:55.629
cmlulbzir00att7dnqpyhixpb,cmlul7wzv00glt7xrsowexbrp,DV000062,2006-09-18 10:17:40.45,2006-09-18 10:17:40.45,Chi bộ 1,,,,ACTIVE,,,,,2026-02-20 07:50:55.635,2026-02-20 07:50:55.635
cmlulbziy00azt7dncaoeksrj,cmlul7wzz00gpt7xryryllc91,DV000063,2002-10-10 12:08:06.705,2002-10-10 12:08:06.705,Chi bộ 1,,,,ACTIVE,,,,,2026-02-20 07:50:55.642,2026-02-20 07:50:55.642
cmlulbz6k0001t7dnltsxnuwb,cmlul7wss008dt7xradjtddm0,DV000001,2009-07-12 15:32:09.152,2009-07-12 15:32:09.152,Chi bộ 1,,,,ACTIVE,,,,,2026-02-20 07:50:55.196,2026-02-20 07:50:55.196
cmlulbz760007t7dnnm0kvrhn,cmlul7wsv008ht7xrp3cy8u5o,DV000002,2010-07-18 11:27:50.654,2010-07-18 11:27:50.654,Chi bộ 1,,,,ACTIVE,,,,,2026-02-20 07:50:55.219,2026-02-20 07:50:55.219
cmlulbz7e000dt7dnwvlq7d6o,cmlul7wsy008lt7xrwrej3wqv,DV000003,2008-10-27 22:18:19.553,2008-10-27 22:18:19.553,Chi bộ 1,,,,ACTIVE,,,,,2026-02-20 07:50:55.226,2026-02-20 07:50:55.226
cmlulbz7k000jt7dn5ep8z4lv,cmlul7wt2008pt7xrb13e3yrw,DV000004,2006-06-29 01:49:45.759,2006-06-29 01:49:45.759,Chi bộ 1,,,,ACTIVE,,,,,2026-02-20 07:50:55.233,2026-02-20 07:50:55.233
cmlulbz7r000pt7dnfogxseb2,cmlul7wt5008tt7xruw29cgxa,DV000005,2015-06-14 06:40:31.781,2015-06-14 06:40:31.781,Chi bộ 1,,,,ACTIVE,,,,,2026-02-20 07:50:55.239,2026-02-20 07:50:55.239
cmlulbz7x000vt7dnv85j0lzu,cmlul7wtd0091t7xrtw7ln4mo,DV000006,2011-02-23 16:43:46.598,2011-02-23 16:43:46.598,Chi bộ 1,,,,ACTIVE,,,,,2026-02-20 07:50:55.246,2026-02-20 07:50:55.246
cmlulbz840011t7dnuq46gdtw,cmlul7wtg0095t7xrpd3uyd07,DV000007,2009-07-06 11:07:23.99,2009-07-06 11:07:23.99,Chi bộ 1,,,,ACTIVE,,,,,2026-02-20 07:50:55.253,2026-02-20 07:50:55.253
cmlulbz8b0017t7dncy7khssm,cmlul7wtj0099t7xrvcgi8jvw,DV000008,2012-06-24 11:20:56.06,2012-06-24 11:20:56.06,Chi bộ 1,,,,ACTIVE,,,,,2026-02-20 07:50:55.259,2026-02-20 07:50:55.259
cmlulbz8h001dt7dn3dge6s4n,cmlul7wtn009dt7xrgsihrxn5,DV000009,2008-05-11 00:42:28.501,2008-05-11 00:42:28.501,Chi bộ 1,,,,ACTIVE,,,,,2026-02-20 07:50:55.265,2026-02-20 07:50:55.265
cmlulbzj400b5t7dn9wufopff,cmlul7x0300gtt7xrwp6k2299,DV000064,2008-07-08 12:30:16.486,2008-07-08 12:30:16.486,Chi bộ 1,,,,ACTIVE,,,,,2026-02-20 07:50:55.648,2026-02-20 07:50:55.648
cmlulbzja00bbt7dnf7nj56ax,cmlul7x0600gxt7xrm10j17gf,DV000065,1995-11-15 02:58:37.583,1995-11-15 02:58:37.583,Chi bộ 1,,,,ACTIVE,,,,,2026-02-20 07:50:55.655,2026-02-20 07:50:55.655
cmlulbzjh00bht7dnadbi30se,cmlul7x0900h1t7xrhbk3u6x0,DV000066,2002-01-03 17:33:59.209,2002-01-03 17:33:59.209,Chi bộ 1,,,,ACTIVE,,,,,2026-02-20 07:50:55.662,2026-02-20 07:50:55.662
cmlulbzjo00bnt7dnypc22a03,cmlul7x0d00h5t7xrdg7simvi,DV000067,1999-06-29 20:15:26.907,1999-06-29 20:15:26.907,Chi bộ 1,,,,ACTIVE,,,,,2026-02-20 07:50:55.668,2026-02-20 07:50:55.668
cmlulbzju00btt7dnnjpk64i6,cmlul7x0j00hdt7xrwhle6hn9,DV000068,2005-12-14 18:58:31.86,2005-12-14 18:58:31.86,Chi bộ 1,,,,ACTIVE,,,,,2026-02-20 07:50:55.675,2026-02-20 07:50:55.675
cmlulbzk100bzt7dn840rb2fa,cmlul7x0n00hht7xrr7gun89p,DV000069,2005-05-21 05:24:04.233,2005-05-21 05:24:04.233,Chi bộ 1,,,,ACTIVE,,,,,2026-02-20 07:50:55.682,2026-02-20 07:50:55.682
cmlulbzk800c5t7dnsd6qqgwy,cmlul7x0t00hpt7xruzzx9qjc,DV000070,2004-12-26 19:54:40.145,2004-12-26 19:54:40.145,Chi bộ 1,,,,ACTIVE,,,,,2026-02-20 07:50:55.689,2026-02-20 07:50:55.689
cmlulbzkf00cbt7dn9hmjaflx,cmlul7x0x00htt7xrkupfo0sj,DV000071,1999-12-29 23:13:33.912,1999-12-29 23:13:33.912,Chi bộ 1,,,,ACTIVE,,,,,2026-02-20 07:50:55.695,2026-02-20 07:50:55.695
cmlulbzkm00cht7dn53epysfq,cmlul7x1000hxt7xrclnv8c58,DV000072,2003-02-12 06:31:42.08,2003-02-12 06:31:42.08,Chi bộ 1,,,,ACTIVE,,,,,2026-02-20 07:50:55.702,2026-02-20 07:50:55.702
cmlulbzks00cnt7dnk7gkzilt,cmlul7x1400i1t7xrkjlg3xgp,DV000073,1998-10-11 12:18:09.185,1998-10-11 12:18:09.185,Chi bộ 1,,,,ACTIVE,,,,,2026-02-20 07:50:55.708,2026-02-20 07:50:55.708
cmlulbzky00ctt7dnwkzrvasu,cmlul7x1700i5t7xr9erw0y0t,DV000074,1997-03-20 06:42:00.703,1997-03-20 06:42:00.703,Chi bộ 1,,,,ACTIVE,,,,,2026-02-20 07:50:55.715,2026-02-20 07:50:55.715
cmlulbzl900d3t7dnm3sj05xz,cmlul7x1d00idt7xr0y7kwab9,DV000075,2009-04-05 18:27:39.191,2009-04-05 18:27:39.191,Chi bộ 1,,,,ACTIVE,,,,,2026-02-20 07:50:55.726,2026-02-20 07:50:55.726
cmlulbzlf00d9t7dnvdvg2zx7,cmlul7x1h00iht7xribojour4,DV000076,1991-06-30 05:42:11.895,1991-06-30 05:42:11.895,Chi bộ 1,,,,ACTIVE,,,,,2026-02-20 07:50:55.732,2026-02-20 07:50:55.732
cmlulbzlm00dft7dnm2ihz1wd,cmlul7x1k00ilt7xrov0j5t3a,DV000077,1999-07-10 06:03:24.553,1999-07-10 06:03:24.553,Chi bộ 1,,,,ACTIVE,,,,,2026-02-20 07:50:55.738,2026-02-20 07:50:55.738
cmlulbzlt00dlt7dngsvtgqij,cmlul7x1o00ipt7xrs2rhgucv,DV000078,1991-02-11 09:11:03.256,1991-02-11 09:11:03.256,Chi bộ 1,,,,ACTIVE,,,,,2026-02-20 07:50:55.745,2026-02-20 07:50:55.745
cmlulbzlz00drt7dn35i2egfm,cmlul7x1r00itt7xrkkj4i2w8,DV000079,1992-07-27 19:10:43.818,1992-07-27 19:10:43.818,Chi bộ 1,,,,ACTIVE,,,,,2026-02-20 07:50:55.751,2026-02-20 07:50:55.751
cmlulbzm500dxt7dn4knps48f,cmlul7x1z00j1t7xraqcbehmq,DV000080,1998-04-13 19:26:54.949,1998-04-13 19:26:54.949,Chi bộ 1,,,,ACTIVE,,,,,2026-02-20 07:50:55.758,2026-02-20 07:50:55.758
cmlulbzmb00e3t7dnqp2l34w5,cmlul7x2200j5t7xr9okwhy2a,DV000081,1996-08-03 18:55:03.996,1996-08-03 18:55:03.996,Chi bộ 1,,,,ACTIVE,,,,,2026-02-20 07:50:55.764,2026-02-20 07:50:55.764
cmlulbzmi00e9t7dneoipm9vt,cmlul7x2600j9t7xrv1s76gfa,DV000082,2000-11-04 13:53:53.555,2000-11-04 13:53:53.555,Chi bộ 1,,,,ACTIVE,,,,,2026-02-20 07:50:55.77,2026-02-20 07:50:55.77
cmlulbzmo00eft7dnc7kv1si7,cmlul7x2a00jdt7xr6qvy9ywb,DV000083,2005-12-18 08:02:16.977,2005-12-18 08:02:16.977,Chi bộ 1,,,,ACTIVE,,,,,2026-02-20 07:50:55.777,2026-02-20 07:50:55.777
cmlulbzmv00elt7dnhgkje44a,cmlul7x2d00jht7xra1wor380,DV000084,1996-09-27 09:10:10.93,1996-09-27 09:10:10.93,Chi bộ 1,,,,ACTIVE,,,,,2026-02-20 07:50:55.783,2026-02-20 07:50:55.783
cmlulbzn100ert7dnnp2nh4nv,cmlul7wlp0005t7xrwqb55cea,DV000085,2012-09-30 01:51:23.134,2012-09-30 01:51:23.134,Chi bộ 1,,,,ACTIVE,,,,,2026-02-20 07:50:55.79,2026-02-20 07:50:55.79
cmlulbzn800ext7dn6v10g8hz,cmlul7wlu0009t7xruj86gijx,DV000086,2014-07-10 15:32:06.41,2014-07-10 15:32:06.41,Chi bộ 1,,,,ACTIVE,,,,,2026-02-20 07:50:55.796,2026-02-20 07:50:55.796
cmlulbzne00f3t7dn4t5fac63,cmlul7wly000dt7xr3ocxrpj2,DV000087,2015-10-14 23:31:18.856,2015-10-14 23:31:18.856,Chi bộ 1,,,,ACTIVE,,,,,2026-02-20 07:50:55.802,2026-02-20 07:50:55.802
cmlulbznl00f9t7dnkuxddv9c,cmlul7wm2000ht7xrg3nsx1a1,DV000088,2014-10-27 18:11:00.527,2014-10-27 18:11:00.527,Chi bộ 1,,,,ACTIVE,,,,,2026-02-20 07:50:55.809,2026-02-20 07:50:55.809
cmlulbznw00fjt7dnewlwyayz,cmlul7wma000pt7xr56rthr6w,DV000089,2012-02-09 06:25:25.312,2012-02-09 06:25:25.312,Chi bộ 1,,,,ACTIVE,,,,,2026-02-20 07:50:55.82,2026-02-20 07:50:55.82
cmlulbzo200fpt7dnpeuzm4i9,cmlul7wme000tt7xrpm75m9al,DV000090,2018-03-21 14:24:55.751,2018-03-21 14:24:55.751,Chi bộ 1,,,,ACTIVE,,,,,2026-02-20 07:50:55.827,2026-02-20 07:50:55.827
cmlulbzo800fvt7dnk3vwk703,cmlul7wmh000xt7xrtbqq7lco,DV000091,2016-10-13 00:39:53.601,2016-10-13 00:39:53.601,Chi bộ 1,,,,ACTIVE,,,,,2026-02-20 07:50:55.832,2026-02-20 07:50:55.832
cmlulbzoj00g5t7dn6vmky3fb,cmlul7wms0019t7xrnhk7sgfm,DV000092,2019-01-02 23:13:14.178,2019-01-02 23:13:14.178,Chi bộ 1,,,,ACTIVE,,,,,2026-02-20 07:50:55.844,2026-02-20 07:50:55.844
cmlulbzou00gft7dnnkgh9jpp,cmlul7wmz001ht7xr4bheaqn2,DV000093,2014-02-19 21:43:47.169,2014-02-19 21:43:47.169,Chi bộ 1,,,,ACTIVE,,,,,2026-02-20 07:50:55.855,2026-02-20 07:50:55.855
cmlulbzp100glt7dnrbhm4hla,cmlul7wn2001lt7xrgwrs49e7,DV000094,2018-03-26 03:05:34.705,2018-03-26 03:05:34.705,Chi bộ 1,,,,ACTIVE,,,,,2026-02-20 07:50:55.861,2026-02-20 07:50:55.861
cmlulbzp700grt7dnl0eqcadq,cmlul7wn6001pt7xr977ze2mm,DV000095,2016-06-17 07:08:39.859,2016-06-17 07:08:39.859,Chi bộ 1,,,,ACTIVE,,,,,2026-02-20 07:50:55.867,2026-02-20 07:50:55.867
cmlulbzpd00gxt7dnacf7l3fm,cmlul7wn9001tt7xri1t8fn75,DV000096,2016-04-28 01:47:14.133,2016-04-28 01:47:14.133,Chi bộ 1,,,,ACTIVE,,,,,2026-02-20 07:50:55.874,2026-02-20 07:50:55.874
cmlulbzpo00h7t7dnjhjj1q2d,cmlul7wng0021t7xrprwzgmo0,DV000097,2019-08-01 05:44:17.676,2019-08-01 05:44:17.676,Chi bộ 1,,,,ACTIVE,,,,,2026-02-20 07:50:55.885,2026-02-20 07:50:55.885
cmlulbzpv00hdt7dnodshc2cc,cmlul7wnj0025t7xr7l0zcfib,DV000098,2013-06-08 22:24:05.212,2013-06-08 22:24:05.212,Chi bộ 1,,,,ACTIVE,,,,,2026-02-20 07:50:55.891,2026-02-20 07:50:55.891
cmlulbzq100hjt7dnktitlmvy,cmlul7wnq002dt7xrvuws01ba,DV000099,2015-10-28 12:13:03.009,2015-10-28 12:13:03.009,Chi bộ 1,,,,ACTIVE,,,,,2026-02-20 07:50:55.897,2026-02-20 07:50:55.897
cmlulbzq700hpt7dnbjtb96sa,cmlul7wnt002ht7xrs4iwlcow,DV000100,2015-10-18 20:27:30.128,2015-10-18 20:27:30.128,Chi bộ 1,,,,ACTIVE,,,,,2026-02-20 07:50:55.904,2026-02-20 07:50:55.904
cmlulbzqf00hxt7dn83eu30i6,cmlul7wnx002lt7xrnkxryx49,DV000101,2017-05-08 15:58:53.089,2017-05-08 15:58:53.089,Chi bộ 1,,,,ACTIVE,,,,,2026-02-20 07:50:55.912,2026-02-20 07:50:55.912
cmlulbzqn00i5t7dn9rl6nwhd,cmlul7wo0002pt7xre9wglh2h,DV000102,2017-07-12 12:07:57.712,2017-07-12 12:07:57.712,Chi bộ 1,,,,ACTIVE,,,,,2026-02-20 07:50:55.919,2026-02-20 07:50:55.919
cmlulbzre00ivt7dn7s72xaev,cmlul7woh0039t7xrer7qo9sn,DV000103,2016-04-29 18:30:45.23,2016-04-29 18:30:45.23,Chi bộ 1,,,,ACTIVE,,,,,2026-02-20 07:50:55.946,2026-02-20 07:50:55.946
cmlulbzrs00j9t7dn9b4xdorh,cmlul7won003ht7xrsbqypgek,DV000104,2018-04-03 14:49:35.12,2018-04-03 14:49:35.12,Chi bộ 1,,,,ACTIVE,,,,,2026-02-20 07:50:55.96,2026-02-20 07:50:55.96
cmlulbzs400jlt7dn8yzj1zrs,cmlul7wox003tt7xrjxh5zhw5,DV000105,1983-07-09 10:38:54.922,1983-07-09 10:38:54.922,Chi bộ 1,,,,ACTIVE,,,,,2026-02-20 07:50:55.973,2026-02-20 07:50:55.973
cmlulbzsb00jrt7dnu1w91fn1,cmlul7woz003vt7xryef57ztn,DV000106,1980-05-08 14:04:56.313,1980-05-08 14:04:56.313,Chi bộ 1,,,,ACTIVE,,,,,2026-02-20 07:50:55.979,2026-02-20 07:50:55.979
cmlulbzsh00jxt7dn8e1qomik,cmlul7wp1003xt7xra3d0oqy6,DV000107,1982-11-01 14:58:35.811,1982-11-01 14:58:35.811,Chi bộ 1,,,,ACTIVE,,,,,2026-02-20 07:50:55.985,2026-02-20 07:50:55.985
cmlulbzsn00k3t7dnihneqerp,cmlul7wp3003zt7xraxp25xha,DV000108,1984-07-02 23:35:28.216,1984-07-02 23:35:28.216,Chi bộ 1,,,,ACTIVE,,,,,2026-02-20 07:50:55.992,2026-02-20 07:50:55.992
cmlulbzsu00k9t7dnt1bv23z7,cmlul7wp50041t7xr1ea22ngc,DV000109,1982-09-28 09:11:22.328,1982-09-28 09:11:22.328,Chi bộ 1,,,,ACTIVE,,,,,2026-02-20 07:50:55.998,2026-02-20 07:50:55.998
cmlulbzt100kft7dnsuo6zapc,cmlul7wp70043t7xr80vj6a5s,DV000110,1999-12-09 18:34:36.356,1999-12-09 18:34:36.356,Chi bộ 1,,,,ACTIVE,,,,,2026-02-20 07:50:56.005,2026-02-20 07:50:56.005
cmlulbzt700klt7dn50pnlfww,cmlul7wp90045t7xr2485azsn,DV000111,1991-05-27 21:16:57.314,1991-05-27 21:16:57.314,Chi bộ 1,,,,ACTIVE,,,,,2026-02-20 07:50:56.011,2026-02-20 07:50:56.011
cmlulbztd00krt7dn3xq2f485,cmlul7wpd0049t7xrtovurt5d,DV000112,1999-07-09 08:15:15.237,1999-07-09 08:15:15.237,Chi bộ 1,,,,ACTIVE,,,,,2026-02-20 07:50:56.018,2026-02-20 07:50:56.018
cmlulbztj00kxt7dnfcc412yc,cmlul7wpg004dt7xrq1o734ye,DV000113,1999-12-03 12:26:19.176,1999-12-03 12:26:19.176,Chi bộ 1,,,,ACTIVE,,,,,2026-02-20 07:50:56.024,2026-02-20 07:50:56.024
cmlulbztq00l3t7dns9gf2cxu,cmlul7wpj004ht7xr5jy307lx,DV000114,2003-11-30 21:52:22.24,2003-11-30 21:52:22.24,Chi bộ 1,,,,ACTIVE,,,,,2026-02-20 07:50:56.03,2026-02-20 07:50:56.03
cmlulbztx00l9t7dnl731hx1n,cmlul7wpq004pt7xrtry1xger,DV000115,1998-10-21 09:38:41.008,1998-10-21 09:38:41.008,Chi bộ 1,,,,ACTIVE,,,,,2026-02-20 07:50:56.037,2026-02-20 07:50:56.037
cmlulbzu400lft7dn24f76gtb,cmlul7wpt004tt7xrlzbe8b4h,DV000116,2004-04-11 07:58:58.098,2004-04-11 07:58:58.098,Chi bộ 1,,,,ACTIVE,,,,,2026-02-20 07:50:56.044,2026-02-20 07:50:56.044
cmlulbzua00llt7dnwdn9o3q9,cmlul7wpx004xt7xrmt9iilma,DV000117,2013-02-06 05:42:16.414,2013-02-06 05:42:16.414,Chi bộ 1,,,,ACTIVE,,,,,2026-02-20 07:50:56.05,2026-02-20 07:50:56.05
cmlulbzug00lrt7dns54vi8wm,cmlul7wq00051t7xr0p1z0fhg,DV000118,1997-07-04 04:09:34.199,1997-07-04 04:09:34.199,Chi bộ 1,,,,ACTIVE,,,,,2026-02-20 07:50:56.056,2026-02-20 07:50:56.056
cmlulbzum00lxt7dn36nu0gfi,cmlul7wq30055t7xrlq8xebjx,DV000119,1998-07-09 07:12:50.173,1998-07-09 07:12:50.173,Chi bộ 1,,,,ACTIVE,,,,,2026-02-20 07:50:56.062,2026-02-20 07:50:56.062
cmlulbzut00m3t7dn2eqosjpl,cmlul7wq70059t7xrycmvtnha,DV000120,1995-12-31 13:52:13.013,1995-12-31 13:52:13.013,Chi bộ 1,,,,ACTIVE,,,,,2026-02-20 07:50:56.07,2026-02-20 07:50:56.07
cmlulbzv000m9t7dn87isgcfv,cmlul7wqa005dt7xrj16q59yo,DV000121,2002-10-06 14:06:57.235,2002-10-06 14:06:57.235,Chi bộ 1,,,,ACTIVE,,,,,2026-02-20 07:50:56.076,2026-02-20 07:50:56.076
cmlulbzv600mft7dnsfz9jnzu,cmlul7wqd005ht7xrvsvg5pux,DV000122,1990-09-20 00:38:21.86,1990-09-20 00:38:21.86,Chi bộ 1,,,,ACTIVE,,,,,2026-02-20 07:50:56.083,2026-02-20 07:50:56.083
cmlulbzvc00mlt7dnp9jo2mk4,cmlul7wqg005lt7xrmq7budmx,DV000123,1991-09-05 15:45:37.368,1991-09-05 15:45:37.368,Chi bộ 1,,,,ACTIVE,,,,,2026-02-20 07:50:56.089,2026-02-20 07:50:56.089
cmlulbzvj00mrt7dnr4gghcj7,cmlul7wqj005pt7xrvn67qdi8,DV000124,1994-09-08 20:48:34.025,1994-09-08 20:48:34.025,Chi bộ 1,,,,ACTIVE,,,,,2026-02-20 07:50:56.095,2026-02-20 07:50:56.095
cmlulbzvp00mxt7dnawtertr6,cmlul7wqn005tt7xrql78ttl0,DV000125,1999-10-24 07:39:05.399,1999-10-24 07:39:05.399,Chi bộ 1,,,,ACTIVE,,,,,2026-02-20 07:50:56.102,2026-02-20 07:50:56.102
cmlulbzvw00n3t7dndhg93lym,cmlul7wqq005xt7xr6hbnl78x,DV000126,1995-08-29 09:31:10.106,1995-08-29 09:31:10.106,Chi bộ 1,,,,ACTIVE,,,,,2026-02-20 07:50:56.108,2026-02-20 07:50:56.108
cmlulbzw200n9t7dnff9kw4x7,cmlul7wqu0061t7xrrypev4l5,DV000127,1998-07-06 14:05:49.581,1998-07-06 14:05:49.581,Chi bộ 1,,,,ACTIVE,,,,,2026-02-20 07:50:56.115,2026-02-20 07:50:56.115
cmlulbzw900nft7dnwygl27f5,cmlul7wqx0065t7xrc9h0zhuc,DV000128,2002-08-19 18:43:56.295,2002-08-19 18:43:56.295,Chi bộ 1,,,,ACTIVE,,,,,2026-02-20 07:50:56.121,2026-02-20 07:50:56.121
cmlulbzwf00nlt7dn91g06mbf,cmlul7wr00069t7xryqhbz1fu,DV000129,1998-07-18 06:27:43.019,1998-07-18 06:27:43.019,Chi bộ 1,,,,ACTIVE,,,,,2026-02-20 07:50:56.127,2026-02-20 07:50:56.127
cmlulbzwm00nrt7dn9cdo1edr,cmlul7wr3006dt7xr50g2t21i,DV000130,2003-11-10 15:26:04.833,2003-11-10 15:26:04.833,Chi bộ 1,,,,ACTIVE,,,,,2026-02-20 07:50:56.134,2026-02-20 07:50:56.134
cmlulbzws00nxt7dngj4spky2,cmlul7wra006lt7xrw0pk62gy,DV000131,2009-10-16 11:10:32.729,2009-10-16 11:10:32.729,Chi bộ 1,,,,ACTIVE,,,,,2026-02-20 07:50:56.141,2026-02-20 07:50:56.141
cmlulbzx300o7t7dng00v547f,cmlul7wrh006tt7xrdj3e4hpd,DV000132,2007-03-05 13:56:48.2,2007-03-05 13:56:48.2,Chi bộ 1,,,,ACTIVE,,,,,2026-02-20 07:50:56.151,2026-02-20 07:50:56.151
cmlulbzx900odt7dnu256j9ep,cmlul7wrk006xt7xr2k97m6ug,DV000133,2003-02-03 10:38:24.403,2003-02-03 10:38:24.403,Chi bộ 1,,,,ACTIVE,,,,,2026-02-20 07:50:56.158,2026-02-20 07:50:56.158
cmlulbzxg00ojt7dn9ywbrifs,cmlul7wro0071t7xrjh6h0fqx,DV000134,1998-01-02 09:59:22.579,1998-01-02 09:59:22.579,Chi bộ 1,,,,ACTIVE,,,,,2026-02-20 07:50:56.164,2026-02-20 07:50:56.164
cmlulbzxm00opt7dntq7e8osl,cmlul7wrr0075t7xretukub0q,DV000135,2000-11-19 17:41:08.618,2000-11-19 17:41:08.618,Chi bộ 1,,,,ACTIVE,,,,,2026-02-20 07:50:56.171,2026-02-20 07:50:56.171
cmlulbzxt00ovt7dneusralym,cmlul7wru0079t7xr38mmabxw,DV000136,2009-02-24 17:53:59.421,2009-02-24 17:53:59.421,Chi bộ 1,,,,ACTIVE,,,,,2026-02-20 07:50:56.177,2026-02-20 07:50:56.177
cmlulbzy400p5t7dn564vh0ej,cmlul7ws1007ht7xr26o22rqs,DV000137,2004-06-09 22:03:15.68,2004-06-09 22:03:15.68,Chi bộ 1,,,,ACTIVE,,,,,2026-02-20 07:50:56.188,2026-02-20 07:50:56.188
cmlulbzyb00pbt7dn6wdch4zc,cmlul7ws4007lt7xrxnk1l5f9,DV000138,1996-02-11 20:07:42.82,1996-02-11 20:07:42.82,Chi bộ 1,,,,ACTIVE,,,,,2026-02-20 07:50:56.195,2026-02-20 07:50:56.195
cmlulbzyi00pht7dnlx3nn7f1,cmlul7wsb007tt7xrffy74amt,DV000139,2007-01-18 18:33:11.854,2007-01-18 18:33:11.854,Chi bộ 1,,,,ACTIVE,,,,,2026-02-20 07:50:56.202,2026-02-20 07:50:56.202
cmlulbzyq00pnt7dnf7624nh9,cmlul7wse007xt7xr3stgrq64,DV000140,2001-07-03 23:52:45.045,2001-07-03 23:52:45.045,Chi bộ 1,,,,ACTIVE,,,,,2026-02-20 07:50:56.211,2026-02-20 07:50:56.211
cmlulbzyx00ptt7dnxdz13s2a,cmlul7wsi0081t7xr798gyifd,DV000141,2000-02-21 20:17:44.998,2000-02-21 20:17:44.998,Chi bộ 1,,,,ACTIVE,,,,,2026-02-20 07:50:56.217,2026-02-20 07:50:56.217
cmlulbzz400pzt7dnxigkgl4e,cmlul7wsl0085t7xrxor74rkw,DV000142,2010-01-31 03:51:34.797,2010-01-31 03:51:34.797,Chi bộ 1,,,,ACTIVE,,,,,2026-02-20 07:50:56.224,2026-02-20 07:50:56.224
cmlulbzza00q5t7dn28kc7ib9,cmlul7x2l00jpt7xrk098ksr0,DV000143,1992-06-10 10:18:01.545,1992-06-10 10:18:01.545,Chi bộ 1,,,,ACTIVE,,,,,2026-02-20 07:50:56.23,2026-02-20 07:50:56.23
cmlulbzzg00qbt7dnlesfairw,cmlul7x2o00jtt7xrek8bs2vz,DV000144,1997-12-13 10:32:14.422,1997-12-13 10:32:14.422,Chi bộ 1,,,,ACTIVE,,,,,2026-02-20 07:50:56.237,2026-02-20 07:50:56.237
cmlulbzzm00qht7dn4erhhacg,cmlul7x2r00jxt7xr129tyopy,DV000145,1995-10-26 04:46:58.978,1995-10-26 04:46:58.978,Chi bộ 1,,,,ACTIVE,,,,,2026-02-20 07:50:56.243,2026-02-20 07:50:56.243
cmlulbzzt00qnt7dnmts2hzp4,cmlul7x2v00k1t7xr1z9tpn2t,DV000146,1997-04-25 10:56:18.742,1997-04-25 10:56:18.742,Chi bộ 1,,,,ACTIVE,,,,,2026-02-20 07:50:56.25,2026-02-20 07:50:56.25
cmlulbzzz00qtt7dnx2q29sa5,cmlul7x2y00k5t7xr12ebqgi6,DV000147,2000-04-27 00:11:29.716,2000-04-27 00:11:29.716,Chi bộ 1,,,,ACTIVE,,,,,2026-02-20 07:50:56.256,2026-02-20 07:50:56.256
cmlulc00600qzt7dnao88pucr,cmlul7x3100k9t7xrqe5nl74b,DV000148,2003-04-20 18:15:28.603,2003-04-20 18:15:28.603,Chi bộ 1,,,,ACTIVE,,,,,2026-02-20 07:50:56.263,2026-02-20 07:50:56.263
cmlulc00c00r5t7dnvnlvnpjp,cmlul7x3400kdt7xr6hve69fw,DV000149,1997-06-03 19:25:33.799,1997-06-03 19:25:33.799,Chi bộ 1,,,,ACTIVE,,,,,2026-02-20 07:50:56.269,2026-02-20 07:50:56.269
cmlulc00i00rbt7dng6zbrdwx,cmlul7x3b00klt7xr2238005m,DV000150,2000-02-05 23:00:12.748,2000-02-05 23:00:12.748,Chi bộ 1,,,,ACTIVE,,,,,2026-02-20 07:50:56.275,2026-02-20 07:50:56.275
cmlulc00o00rht7dngolbq7t9,cmlul7x3f00kpt7xr4vliexul,DV000151,1995-09-24 00:20:36.104,1995-09-24 00:20:36.104,Chi bộ 1,,,,ACTIVE,,,,,2026-02-20 07:50:56.281,2026-02-20 07:50:56.281
cmlulc00u00rnt7dngwsq4e2i,cmlul7x3i00ktt7xrlsxwkg6j,DV000152,1994-02-20 17:03:37.708,1994-02-20 17:03:37.708,Chi bộ 1,,,,ACTIVE,,,,,2026-02-20 07:50:56.287,2026-02-20 07:50:56.287
cmlulc01100rtt7dnmtssyc81,cmlul7x3m00kxt7xrzn5vrowf,DV000153,1993-06-09 21:53:54.76,1993-06-09 21:53:54.76,Chi bộ 1,,,,ACTIVE,,,,,2026-02-20 07:50:56.294,2026-02-20 07:50:56.294
cmlulc01700rzt7dnrb6vedmi,cmlul7x3p00l1t7xrsqrg84oc,DV000154,1996-08-15 19:55:39.872,1996-08-15 19:55:39.872,Chi bộ 1,,,,ACTIVE,,,,,2026-02-20 07:50:56.3,2026-02-20 07:50:56.3
cmlulc01e00s5t7dnwnyiwn6z,cmlul7x3t00l5t7xrb454iz9y,DV000155,1996-03-25 17:55:00.359,1996-03-25 17:55:00.359,Chi bộ 1,,,,ACTIVE,,,,,2026-02-20 07:50:56.306,2026-02-20 07:50:56.306
cmlulc01k00sbt7dnbfxt6yw2,cmlul7x3w00l9t7xrm5p2okfn,DV000156,1991-06-15 08:02:34.479,1991-06-15 08:02:34.479,Chi bộ 1,,,,ACTIVE,,,,,2026-02-20 07:50:56.312,2026-02-20 07:50:56.312
cmlulc01q00sht7dni9i2sysn,cmlul7x4000ldt7xrea8bcetm,DV000157,1992-05-23 11:19:30.36,1992-05-23 11:19:30.36,Chi bộ 1,,,,ACTIVE,,,,,2026-02-20 07:50:56.318,2026-02-20 07:50:56.318
cmlulc01w00snt7dn5if35c21,cmlul7x4400lht7xrbzdya55v,DV000158,1999-07-19 22:30:21.121,1999-07-19 22:30:21.121,Chi bộ 1,,,,ACTIVE,,,,,2026-02-20 07:50:56.325,2026-02-20 07:50:56.325
cmlulc02200stt7dn5mlgktds,cmlul7x4700llt7xrq5ffeoca,DV000159,1999-03-13 22:26:34.538,1999-03-13 22:26:34.538,Chi bộ 1,,,,ACTIVE,,,,,2026-02-20 07:50:56.33,2026-02-20 07:50:56.33
cmlulc02800szt7dnhm3mdz2r,cmlul7x4a00lpt7xrpy4fitgp,DV000160,2004-03-02 01:01:57.593,2004-03-02 01:01:57.593,Chi bộ 1,,,,ACTIVE,,,,,2026-02-20 07:50:56.336,2026-02-20 07:50:56.336
cmlulc02e00t5t7dnsjsqnlsc,cmlul7x4e00ltt7xr11cqji7w,DV000161,1990-05-22 04:12:38.12,1990-05-22 04:12:38.12,Chi bộ 1,,,,ACTIVE,,,,,2026-02-20 07:50:56.343,2026-02-20 07:50:56.343
cmlulc02l00tbt7dn77a9sovl,cmlul7x4l00m1t7xrysfjq23v,DV000162,2008-08-04 11:08:08.433,2008-08-04 11:08:08.433,Chi bộ 1,,,,ACTIVE,,,,,2026-02-20 07:50:56.35,2026-02-20 07:50:56.35
cmlulc02s00tht7dn32ibw747,cmlul7x4o00m5t7xrbnly150a,DV000163,1992-05-21 01:32:26.475,1992-05-21 01:32:26.475,Chi bộ 1,,,,ACTIVE,,,,,2026-02-20 07:50:56.356,2026-02-20 07:50:56.356
cmlulc02y00tnt7dnvltu4nh0,cmlul7x4s00m9t7xr7vzgaw26,DV000164,1992-03-08 19:27:04.252,1992-03-08 19:27:04.252,Chi bộ 1,,,,ACTIVE,,,,,2026-02-20 07:50:56.362,2026-02-20 07:50:56.362
cmlulc03400ttt7dnz3w2o92f,cmlul7x4y00mht7xr4yg34np1,DV000165,2000-12-07 20:42:01.141,2000-12-07 20:42:01.141,Chi bộ 1,,,,ACTIVE,,,,,2026-02-20 07:50:56.369,2026-02-20 07:50:56.369
cmlulc03b00tzt7dnuk8d5xwa,cmlul7x5200mlt7xr75sw5vko,DV000166,1995-07-28 00:25:39.095,1995-07-28 00:25:39.095,Chi bộ 1,,,,ACTIVE,,,,,2026-02-20 07:50:56.375,2026-02-20 07:50:56.375
cmlulc03h00u5t7dnnuhp8rkh,cmlul7x5500mpt7xrcoq6njqi,DV000167,2001-08-24 09:11:34.033,2001-08-24 09:11:34.033,Chi bộ 1,,,,ACTIVE,,,,,2026-02-20 07:50:56.382,2026-02-20 07:50:56.382
cmlulc03n00ubt7dnk9byoga6,cmlul7x5900mtt7xr3net7haa,DV000168,1991-03-14 23:16:43.22,1991-03-14 23:16:43.22,Chi bộ 1,,,,ACTIVE,,,,,2026-02-20 07:50:56.388,2026-02-20 07:50:56.388
cmlulc03t00uht7dn0zwkuqht,cmlul7x5c00mxt7xrhfuzxb6p,DV000169,2000-07-24 20:26:35.503,2000-07-24 20:26:35.503,Chi bộ 1,,,,ACTIVE,,,,,2026-02-20 07:50:56.394,2026-02-20 07:50:56.394
cmlulc04000unt7dn0u7431k6,cmlul7x5g00n1t7xrfrd19lwf,DV000170,2007-08-20 13:54:19.583,2007-08-20 13:54:19.583,Chi bộ 1,,,,ACTIVE,,,,,2026-02-20 07:50:56.4,2026-02-20 07:50:56.4
cmlulc04600utt7dnmq3htog0,cmlul7x5j00n5t7xrd5zhqun7,DV000171,2008-02-09 13:39:32.978,2008-02-09 13:39:32.978,Chi bộ 1,,,,ACTIVE,,,,,2026-02-20 07:50:56.407,2026-02-20 07:50:56.407
cmlulc04c00uzt7dnorrv5m1a,cmlul7x5q00ndt7xrk1sbn6f3,DV000172,1999-11-21 19:32:09.198,1999-11-21 19:32:09.198,Chi bộ 1,,,,ACTIVE,,,,,2026-02-20 07:50:56.413,2026-02-20 07:50:56.413
cmlulc04j00v5t7dnacn50zjx,cmlul7x5t00nht7xr2olm87fh,DV000173,1994-05-26 10:21:24.696,1994-05-26 10:21:24.696,Chi bộ 1,,,,ACTIVE,,,,,2026-02-20 07:50:56.419,2026-02-20 07:50:56.419
cmlulc04p00vbt7dnim6rmzvo,cmlul7x5x00nlt7xr9jt4vnui,DV000174,1996-08-18 16:33:22.733,1996-08-18 16:33:22.733,Chi bộ 1,,,,ACTIVE,,,,,2026-02-20 07:50:56.426,2026-02-20 07:50:56.426
cmlulc04v00vht7dnzrtlakkv,cmlul7x6000npt7xr632yv300,DV000175,1996-05-25 14:45:49.216,1996-05-25 14:45:49.216,Chi bộ 1,,,,ACTIVE,,,,,2026-02-20 07:50:56.432,2026-02-20 07:50:56.432
cmlulc05200vnt7dnc1iizr6t,cmlul7x6300ntt7xrnryh43gy,DV000176,1994-08-11 00:01:38.205,1994-08-11 00:01:38.205,Chi bộ 1,,,,ACTIVE,,,,,2026-02-20 07:50:56.439,2026-02-20 07:50:56.439
cmlulc05900vtt7dnden3dyt4,cmlul7x6700nxt7xr7r1w4iy0,DV000177,1999-11-25 01:36:15.823,1999-11-25 01:36:15.823,Chi bộ 1,,,,ACTIVE,,,,,2026-02-20 07:50:56.445,2026-02-20 07:50:56.445
cmlulc05f00vzt7dnknhwv56g,cmlul7x6a00o1t7xrc7le4g1p,DV000178,2000-12-12 09:15:09.342,2000-12-12 09:15:09.342,Chi bộ 1,,,,ACTIVE,,,,,2026-02-20 07:50:56.452,2026-02-20 07:50:56.452
cmlulc05l00w5t7dny762hp0f,cmlul7x6d00o5t7xrmsror3vk,DV000179,1997-01-18 11:00:03.344,1997-01-18 11:00:03.344,Chi bộ 1,,,,ACTIVE,,,,,2026-02-20 07:50:56.458,2026-02-20 07:50:56.458
cmlulc05s00wbt7dnipix32st,cmlul7x6h00o9t7xrhjon7jkz,DV000180,1990-02-12 05:51:40.44,1990-02-12 05:51:40.44,Chi bộ 1,,,,ACTIVE,,,,,2026-02-20 07:50:56.464,2026-02-20 07:50:56.464
cmlulc05y00wht7dnaebi63ys,cmlul7x6l00odt7xr69f92ylb,DV000181,1992-11-24 19:28:50.796,1992-11-24 19:28:50.796,Chi bộ 1,,,,ACTIVE,,,,,2026-02-20 07:50:56.47,2026-02-20 07:50:56.47
cmlulc06400wnt7dnel1fm0bs,cmlul7x6o00oht7xrwrs8zovd,DV000182,1997-06-27 00:36:27.504,1997-06-27 00:36:27.504,Chi bộ 1,,,,ACTIVE,,,,,2026-02-20 07:50:56.477,2026-02-20 07:50:56.477
cmlulc06b00wtt7dnugf80ijl,cmlul7x6r00olt7xrqpxxosjm,DV000183,2005-05-31 12:21:27.557,2005-05-31 12:21:27.557,Chi bộ 1,,,,ACTIVE,,,,,2026-02-20 07:50:56.484,2026-02-20 07:50:56.484
cmlulc06i00wzt7dnsn8vbwjm,cmlul7x6y00ott7xr4f3xb1ih,DV000184,2005-07-04 05:38:58.347,2005-07-04 05:38:58.347,Chi bộ 1,,,,ACTIVE,,,,,2026-02-20 07:50:56.49,2026-02-20 07:50:56.49
cmlulc06p00x5t7dnvmxfivlr,cmlul7x7200oxt7xrp6r7g0p7,DV000185,1995-02-23 00:29:10.779,1995-02-23 00:29:10.779,Chi bộ 1,,,,ACTIVE,,,,,2026-02-20 07:50:56.497,2026-02-20 07:50:56.497
cmlulc06v00xbt7dnrlcsw5gn,cmlul7x7500p1t7xrdx9o2d27,DV000186,1999-08-16 09:29:33.264,1999-08-16 09:29:33.264,Chi bộ 1,,,,ACTIVE,,,,,2026-02-20 07:50:56.504,2026-02-20 07:50:56.504
cmlulc07100xht7dn50a7c17l,cmlul7x7c00p9t7xri90inipg,DV000187,1991-12-03 08:37:27.282,1991-12-03 08:37:27.282,Chi bộ 1,,,,ACTIVE,,,,,2026-02-20 07:50:56.51,2026-02-20 07:50:56.51
cmlulc07800xnt7dniouj3e6u,cmlul7x7f00pdt7xr6xt9fjii,DV000188,2002-12-12 11:06:43.849,2002-12-12 11:06:43.849,Chi bộ 1,,,,ACTIVE,,,,,2026-02-20 07:50:56.516,2026-02-20 07:50:56.516
cmlulc07o00y1t7dnu57z4trk,cmlul7x7p00ppt7xryc4o6j7p,DV000189,2011-02-22 02:26:14.357,2011-02-22 02:26:14.357,Chi bộ 1,,,,ACTIVE,,,,,2026-02-20 07:50:56.532,2026-02-20 07:50:56.532
cmlulc07u00y7t7dn4vyngbkr,cmlul7x7s00ptt7xrobwq26a2,DV000190,2004-02-09 14:50:04.708,2004-02-09 14:50:04.708,Chi bộ 1,,,,ACTIVE,,,,,2026-02-20 07:50:56.538,2026-02-20 07:50:56.538
cmlulc08000ydt7dn77qm1hye,cmlul7x7z00q1t7xrin1clerb,DV000191,2000-05-06 05:10:36.592,2000-05-06 05:10:36.592,Chi bộ 1,,,,ACTIVE,,,,,2026-02-20 07:50:56.545,2026-02-20 07:50:56.545
cmlulc08700yjt7dnjg6wm15q,cmlul7x8200q5t7xrkcvzto4e,DV000192,2001-06-17 12:24:13.382,2001-06-17 12:24:13.382,Chi bộ 1,,,,ACTIVE,,,,,2026-02-20 07:50:56.551,2026-02-20 07:50:56.551
cmlulc08d00ypt7dnmuz2cx4z,cmlul7x8600q9t7xrua76adqo,DV000193,2005-05-18 13:39:27.091,2005-05-18 13:39:27.091,Chi bộ 1,,,,ACTIVE,,,,,2026-02-20 07:50:56.558,2026-02-20 07:50:56.558
cmlulc08k00yvt7dn6uzxw2ql,cmlul7x8900qdt7xr248grp26,DV000194,2004-08-27 12:46:06.457,2004-08-27 12:46:06.457,Chi bộ 1,,,,ACTIVE,,,,,2026-02-20 07:50:56.564,2026-02-20 07:50:56.564
cmlulc08q00z1t7dnhnc16bym,cmlul7x8c00qht7xruxsves47,DV000195,1997-05-08 18:33:28.167,1997-05-08 18:33:28.167,Chi bộ 1,,,,ACTIVE,,,,,2026-02-20 07:50:56.57,2026-02-20 07:50:56.57
cmlulc08z00z9t7dnwxkyql2p,cmlul7x8g00qlt7xre589b9ax,DV000196,2006-04-11 15:03:00.059,2006-04-11 15:03:00.059,Chi bộ 1,,,,ACTIVE,,,,,2026-02-20 07:50:56.579,2026-02-20 07:50:56.579
cmlulc09700zht7dnncsf4hzr,cmlul7x8j00qpt7xrit6l63p9,DV000197,2014-11-29 21:13:52.305,2014-11-29 21:13:52.305,Chi bộ 1,,,,ACTIVE,,,,,2026-02-20 07:50:56.587,2026-02-20 07:50:56.587
cmlulc09f00zpt7dnoo6lec6g,cmlul7x8n00qtt7xrdaj1elnj,DV000198,2012-09-20 19:32:56.98,2012-09-20 19:32:56.98,Chi bộ 1,,,,ACTIVE,,,,,2026-02-20 07:50:56.596,2026-02-20 07:50:56.596
cmlulc09z0109t7dno7esbh2l,cmlul7x8x00r5t7xrnx74sgo7,DV000199,2012-05-16 11:35:37.248,2012-05-16 11:35:37.248,Chi bộ 1,,,,ACTIVE,,,,,2026-02-20 07:50:56.616,2026-02-20 07:50:56.616
cmlulc0ae010nt7dnlyx2l70l,cmlul7x9700rht7xrd0y3pcyb,DV000200,2007-03-17 04:37:53.641,2007-03-17 04:37:53.641,Chi bộ 1,,,,ACTIVE,,,,,2026-02-20 07:50:56.63,2026-02-20 07:50:56.63
cmlulc0as0111t7dnwyer59hg,cmlul7x9e00rpt7xrrgbhvl5j,DV000201,2010-03-31 09:36:07.034,2010-03-31 09:36:07.034,Chi bộ 1,,,,ACTIVE,,,,,2026-02-20 07:50:56.645,2026-02-20 07:50:56.645
cmlulc0b8011ft7dn6j9jbuuy,cmlul7x9k00rxt7xrfouwbgiw,DV000202,2006-03-21 20:46:08.021,2006-03-21 20:46:08.021,Chi bộ 1,,,,ACTIVE,,,,,2026-02-20 07:50:56.66,2026-02-20 07:50:56.66
cmlulc0bg011nt7dnne0mcwat,cmlul7x9r00s5t7xr9y6rfj2u,DV000203,2005-08-23 05:14:15.148,2005-08-23 05:14:15.148,Chi bộ 1,,,,ACTIVE,,,,,2026-02-20 07:50:56.669,2026-02-20 07:50:56.669
cmlulc0bu0121t7dn98yjg7f3,cmlul7x9x00sdt7xrxtfkwm1l,DV000204,2015-09-09 07:17:49.381,2015-09-09 07:17:49.381,Chi bộ 1,,,,ACTIVE,,,,,2026-02-20 07:50:56.683,2026-02-20 07:50:56.683
cmlulc0ce012jt7dno17j6x5c,cmlul7xa700spt7xr3an7fw4e,DV000205,2002-02-05 21:18:26.189,2002-02-05 21:18:26.189,Chi bộ 1,,,,ACTIVE,,,,,2026-02-20 07:50:56.702,2026-02-20 07:50:56.702
cmlulc0ck012pt7dn3sh0bw38,cmlul7xab00stt7xr6l0eyj6q,DV000206,2010-11-27 09:14:25.806,2010-11-27 09:14:25.806,Chi bộ 1,,,,ACTIVE,,,,,2026-02-20 07:50:56.709,2026-02-20 07:50:56.709
cmlulc0cr012vt7dnxjkh0cvr,cmlul7xae00sxt7xrk6jx0pu0,DV000207,2008-11-22 20:25:52.498,2008-11-22 20:25:52.498,Chi bộ 1,,,,ACTIVE,,,,,2026-02-20 07:50:56.715,2026-02-20 07:50:56.715
cmlulc0cy0131t7dn0zszg0d9,cmlul7xah00t1t7xrq02f8ck7,DV000208,2014-10-14 23:21:55.615,2014-10-14 23:21:55.615,Chi bộ 1,,,,ACTIVE,,,,,2026-02-20 07:50:56.722,2026-02-20 07:50:56.722
cmlulc0d40137t7dnl7reej2j,cmlul7xao00t9t7xrxhe632t4,DV000209,2013-03-30 13:32:54.571,2013-03-30 13:32:54.571,Chi bộ 1,,,,ACTIVE,,,,,2026-02-20 07:50:56.728,2026-02-20 07:50:56.728
cmlulc0da013dt7dn9d2va13o,cmlul7xar00tdt7xrenuqee0e,DV000210,1995-03-12 03:36:23.85,1995-03-12 03:36:23.85,Chi bộ 1,,,,ACTIVE,,,,,2026-02-20 07:50:56.735,2026-02-20 07:50:56.735
cmlulc0dh013jt7dn7cvzib38,cmlul7xav00tht7xr1iyuf8mx,DV000211,2005-10-06 16:33:01.977,2005-10-06 16:33:01.977,Chi bộ 1,,,,ACTIVE,,,,,2026-02-20 07:50:56.741,2026-02-20 07:50:56.741
cmlulc0dn013pt7dnfke1o7o1,cmlul7xay00tlt7xrxdq9217f,DV000212,2011-09-30 00:34:00.901,2011-09-30 00:34:00.901,Chi bộ 1,,,,ACTIVE,,,,,2026-02-20 07:50:56.747,2026-02-20 07:50:56.747
cmlulc0dt013vt7dntntw0638,cmlul7xb100tpt7xrrc9doj5q,DV000213,2008-06-09 18:01:34.883,2008-06-09 18:01:34.883,Chi bộ 1,,,,ACTIVE,,,,,2026-02-20 07:50:56.754,2026-02-20 07:50:56.754
cmlulc0e00141t7dn86419llh,cmlul7xb400ttt7xrx5g54pw5,DV000214,2009-01-28 23:51:17.448,2009-01-28 23:51:17.448,Chi bộ 1,,,,ACTIVE,,,,,2026-02-20 07:50:56.76,2026-02-20 07:50:56.76
cmlulc0ef014ft7dn0sizbugk,cmlul7xbe00u5t7xrrqggy0hw,DV000215,2002-03-03 12:33:21.258,2002-03-03 12:33:21.258,Chi bộ 1,,,,ACTIVE,,,,,2026-02-20 07:50:56.775,2026-02-20 07:50:56.775
cmlulc0el014lt7dnfclx31uf,cmlul7xbh00u9t7xr330jf5qu,DV000216,2010-05-17 16:05:55.669,2010-05-17 16:05:55.669,Chi bộ 1,,,,ACTIVE,,,,,2026-02-20 07:50:56.782,2026-02-20 07:50:56.782
cmlulc0er014rt7dnb7ce2tvt,cmlul7xbl00udt7xrq80bno14,DV000217,2018-07-01 17:26:52.373,2018-07-01 17:26:52.373,Chi bộ 1,,,,ACTIVE,,,,,2026-02-20 07:50:56.788,2026-02-20 07:50:56.788
cmlulc0ey014xt7dn0zyv6wku,cmlul7xbr00ult7xrb0b3kkcl,DV000218,2011-03-02 04:56:23.389,2011-03-02 04:56:23.389,Chi bộ 1,,,,ACTIVE,,,,,2026-02-20 07:50:56.794,2026-02-20 07:50:56.794
cmlulc0f40153t7dnzjp0geq1,cmlul7xbv00upt7xrydeety64,DV000219,2010-04-16 21:17:26.155,2010-04-16 21:17:26.155,Chi bộ 1,,,,ACTIVE,,,,,2026-02-20 07:50:56.801,2026-02-20 07:50:56.801
cmlulc0ff015dt7dn77lipjr9,cmlul7wso0089t7xrqu8j6zik,DV000220,2009-03-23 01:24:12.14,2009-03-23 01:24:12.14,Chi bộ 1,,,,ACTIVE,,,,,2026-02-20 07:50:56.812,2026-02-20 07:50:56.812
cmlulc0fo015lt7dncu1e10ti,cmlul7wt8008xt7xr8pywgslr,DV000221,2006-03-17 06:02:21.612,2006-03-17 06:02:21.612,Chi bộ 1,,,,ACTIVE,,,,,2026-02-20 07:50:56.82,2026-02-20 07:50:56.82
cmlulc0fu015rt7dn9hsg3igh,cmlul7wue00a9t7xreb4dszvm,DV000222,2012-10-08 14:29:32.585,2012-10-08 14:29:32.585,Chi bộ 1,,,,ACTIVE,,,,,2026-02-20 07:50:56.827,2026-02-20 07:50:56.827
cmlulc0g1015xt7dndix99kd5,cmlul7wv500b5t7xrr2gwz3qc,DV000223,2000-12-14 10:25:36.117,2000-12-14 10:25:36.117,Chi bộ 1,,,,ACTIVE,,,,,2026-02-20 07:50:56.833,2026-02-20 07:50:56.833
cmlulc0g70163t7dnvd3iap9a,cmlul7wvf00bht7xrrag3j4go,DV000224,2004-01-06 00:26:57.041,2004-01-06 00:26:57.041,Chi bộ 1,,,,ACTIVE,,,,,2026-02-20 07:50:56.84,2026-02-20 07:50:56.84
cmlulc0gk016ft7dn6jvgkua9,cmlul7wxn00e1t7xro0xof7bs,DV000225,2000-05-04 02:06:41.768,2000-05-04 02:06:41.768,Chi bộ 1,,,,ACTIVE,,,,,2026-02-20 07:50:56.853,2026-02-20 07:50:56.853
cmlulc0gr016lt7dno4hk6zr4,cmlul7wy000eht7xrck7pa6ub,DV000226,2000-10-09 06:23:21.361,2000-10-09 06:23:21.361,Chi bộ 1,,,,ACTIVE,,,,,2026-02-20 07:50:56.859,2026-02-20 07:50:56.859
cmlulc0gy016rt7dnnnr2lmjk,cmlul7wza00fxt7xrkta2ewkn,DV000227,1998-04-23 15:00:08.912,1998-04-23 15:00:08.912,Chi bộ 1,,,,ACTIVE,,,,,2026-02-20 07:50:56.866,2026-02-20 07:50:56.866
cmlulc0h4016xt7dnsk00ygmp,cmlul7x0g00h9t7xrlvc4dsrw,DV000228,1997-05-15 19:41:39.868,1997-05-15 19:41:39.868,Chi bộ 1,,,,ACTIVE,,,,,2026-02-20 07:50:56.873,2026-02-20 07:50:56.873
cmlulc0hb0173t7dn6gmb7m4x,cmlul7x0q00hlt7xrbq6sj26c,DV000229,1998-06-26 19:26:35.607,1998-06-26 19:26:35.607,Chi bộ 1,,,,ACTIVE,,,,,2026-02-20 07:50:56.879,2026-02-20 07:50:56.879
cmlulc0hh0179t7dntqazk9ny,cmlul7x1v00ixt7xr4nskupbs,DV000230,1993-03-22 14:42:46.481,1993-03-22 14:42:46.481,Chi bộ 1,,,,ACTIVE,,,,,2026-02-20 07:50:56.886,2026-02-20 07:50:56.886
cmlulc0hs017jt7dnt6vybxl6,cmlul7wml0011t7xrod8s6k8f,DV000231,2012-08-14 02:03:05.65,2012-08-14 02:03:05.65,Chi bộ 1,,,,ACTIVE,,,,,2026-02-20 07:50:56.897,2026-02-20 07:50:56.897
cmlulc0hz017pt7dn2ujj1yop,cmlul7wnn0029t7xr1tbr1pmo,DV000232,2019-01-16 09:08:12.362,2019-01-16 09:08:12.362,Chi bộ 1,,,,ACTIVE,,,,,2026-02-20 07:50:56.903,2026-02-20 07:50:56.903
cmlulc0id0183t7dn30605udk,cmlul7wou003pt7xrgwzhnef4,DV000233,2016-07-28 11:31:47.594,2016-07-28 11:31:47.594,Chi bộ 1,,,,ACTIVE,,,,,2026-02-20 07:50:56.917,2026-02-20 07:50:56.917
cmlulc0ik0189t7dnelv1fkhq,cmlul7wpm004lt7xrx2aqui72,DV000234,1990-01-25 21:23:39.317,1990-01-25 21:23:39.317,Chi bộ 1,,,,ACTIVE,,,,,2026-02-20 07:50:56.924,2026-02-20 07:50:56.924
cmlulc0iv018jt7dnj8ku7r6u,cmlul7wr7006ht7xrgcvayqww,DV000235,2002-08-27 23:41:13.717,2002-08-27 23:41:13.717,Chi bộ 1,,,,ACTIVE,,,,,2026-02-20 07:50:56.936,2026-02-20 07:50:56.936
cmlulc0j9018vt7dnz7zvihs9,cmlul7xcb00v9t7xrqkkb48mf,DV000236,2013-06-28 14:23:29.595,2013-06-28 14:23:29.595,Chi bộ 1,,,,ACTIVE,,,,,2026-02-20 07:50:56.95,2026-02-20 07:50:56.95
cmlulc0jh0193t7dnnq80id6q,cmlul7xce00vdt7xr5f41nf6l,DV000237,2013-11-20 15:02:35.062,2013-11-20 15:02:35.062,Chi bộ 1,,,,ACTIVE,,,,,2026-02-20 07:50:56.957,2026-02-20 07:50:56.957
cmlulc0jn0199t7dnp144ljmx,cmlul7ws7007pt7xrzluqip11,DV000238,2009-07-15 09:21:02.632,2009-07-15 09:21:02.632,Chi bộ 1,,,,ACTIVE,,,,,2026-02-20 07:50:56.964,2026-02-20 07:50:56.964
cmlulc0ju019ft7dnn1tozx4s,cmlul7x2h00jlt7xrohxt6t6n,DV000239,2003-07-02 19:08:55.36,2003-07-02 19:08:55.36,Chi bộ 1,,,,ACTIVE,,,,,2026-02-20 07:50:56.971,2026-02-20 07:50:56.971
cmlulc0k1019lt7dn499eehb0,cmlul7x3800kht7xr9haogfcn,DV000240,2002-06-01 01:52:10.511,2002-06-01 01:52:10.511,Chi bộ 1,,,,ACTIVE,,,,,2026-02-20 07:50:56.977,2026-02-20 07:50:56.977
cmlulc0k7019rt7dnsdlfqmz1,cmlul7x4h00lxt7xrxt84sz0p,DV000241,1996-02-07 05:03:11.278,1996-02-07 05:03:11.278,Chi bộ 1,,,,ACTIVE,,,,,2026-02-20 07:50:56.983,2026-02-20 07:50:56.983
cmlulc0ke019xt7dnu2opwre6,cmlul7x4v00mdt7xrnxqojfwv,DV000242,1999-03-23 02:39:40.419,1999-03-23 02:39:40.419,Chi bộ 1,,,,ACTIVE,,,,,2026-02-20 07:50:56.99,2026-02-20 07:50:56.99
cmlulc0kk01a3t7dnwaqx1hnv,cmlul7x5m00n9t7xraeknujdn,DV000243,2012-10-28 10:31:26.546,2012-10-28 10:31:26.546,Chi bộ 1,,,,ACTIVE,,,,,2026-02-20 07:50:56.996,2026-02-20 07:50:56.996
cmlulc0kq01a9t7dnpnwu0pdf,cmlul7x6v00opt7xr83ldkm9i,DV000244,1993-09-25 23:34:37.108,1993-09-25 23:34:37.108,Chi bộ 1,,,,ACTIVE,,,,,2026-02-20 07:50:57.003,2026-02-20 07:50:57.003
cmlulc0kx01aft7dn7kf2tu20,cmlul7x7800p5t7xru644n061,DV000245,1998-07-05 07:12:37.058,1998-07-05 07:12:37.058,Chi bộ 1,,,,ACTIVE,,,,,2026-02-20 07:50:57.009,2026-02-20 07:50:57.009
cmlulc0l301alt7dnln42c35p,cmlul7x7w00pxt7xr77emzkck,DV000246,2007-10-09 07:58:37.378,2007-10-09 07:58:37.378,Chi bộ 1,,,,ACTIVE,,,,,2026-02-20 07:50:57.015,2026-02-20 07:50:57.015
cmlulc0lh01azt7dnlt3snch7,cmlul7x9o00s1t7xrqbk1souu,DV000247,2003-06-01 13:27:05.327,2003-06-01 13:27:05.327,Chi bộ 1,,,,ACTIVE,,,,,2026-02-20 07:50:57.029,2026-02-20 07:50:57.029
cmlulc0ln01b5t7dnq134vbcj,cmlul7xak00t5t7xrf89k48uo,DV000248,2006-09-13 01:25:22.311,2006-09-13 01:25:22.311,Chi bộ 1,,,,ACTIVE,,,,,2026-02-20 07:50:57.036,2026-02-20 07:50:57.036
cmlulc0lu01bbt7dnjgfkd57j,cmlul7xbo00uht7xrrahz0d2t,DV000249,2007-12-27 16:25:23.694,2007-12-27 16:25:23.694,Chi bộ 1,,,,ACTIVE,,,,,2026-02-20 07:50:57.043,2026-02-20 07:50:57.043
cmlulc0m001bht7dnanjwn8ai,cmlul7xc100uxt7xrtetwhw2u,DV000250,2008-04-27 05:03:20.116,2008-04-27 05:03:20.116,Chi bộ 1,,,,ACTIVE,,,,,2026-02-20 07:50:57.049,2026-02-20 07:50:57.049
cmlulc0m901bpt7dnn6vr4kh6,cmlul7xc800v5t7xrkqidbgd6,DV000251,2010-08-27 21:47:42.115,2010-08-27 21:47:42.115,Chi bộ 1,,,,ACTIVE,,,,,2026-02-20 07:50:57.058,2026-02-20 07:50:57.058
